[2026-02-26 01:02:54] local.ERROR: SQLSTATE[42S22]: Column not found: 1054 Unknown column 'chapters.chapter_id' in 'on clause' (Connection: mysql, SQL: select count(*) as aggregate from `questions` left join `boards` on `chapters`.`board_id` = `boards`.`id` left join `grades` on `chapters`.`grade_id` = `grades`.`id` left join `subjects` on `chapters`.`subject_id` = `subjects`.`id` left join `books` on `chapters`.`book_id` = `books`.`id` left join `chapters` on `chapters`.`chapter_id` = `chapters`.`id`) {"exception":"[object] (Illuminate\\Database\\QueryException(code: 42S22): SQLSTATE[42S22]: Column not found: 1054 Unknown column 'chapters.chapter_id' in 'on clause' (Connection: mysql, SQL: select count(*) as aggregate from `questions` left join `boards` on `chapters`.`board_id` = `boards`.`id` left join `grades` on `chapters`.`grade_id` = `grades`.`id` left join `subjects` on `chapters`.`subject_id` = `subjects`.`id` left join `books` on `chapters`.`book_id` = `books`.`id` left join `chapters` on `chapters`.`chapter_id` = `chapters`.`id`) at /home/anmol/www/html/Customization/Abhishek/web-classranker/classranker/vendor/laravel/framework/src/Illuminate/Database/Connection.php:825)
[stacktrace]
#0 /home/anmol/www/html/Customization/Abhishek/web-classranker/classranker/vendor/laravel/framework/src/Illuminate/Database/Connection.php(779): Illuminate\\Database\\Connection->runQueryCallback()
#1 /home/anmol/www/html/Customization/Abhishek/web-classranker/classranker/vendor/laravel/framework/src/Illuminate/Database/Connection.php(398): Illuminate\\Database\\Connection->run()
#2 /home/anmol/www/html/Customization/Abhishek/web-classranker/classranker/vendor/laravel/framework/src/Illuminate/Database/Query/Builder.php(3106): Illuminate\\Database\\Connection->select()
#3 /home/anmol/www/html/Customization/Abhishek/web-classranker/classranker/vendor/laravel/framework/src/Illuminate/Database/Query/Builder.php(3091): Illuminate\\Database\\Query\\Builder->runSelect()
#4 /home/anmol/www/html/Customization/Abhishek/web-classranker/classranker/vendor/laravel/framework/src/Illuminate/Database/Query/Builder.php(3676): Illuminate\\Database\\Query\\Builder->Illuminate\\Database\\Query\\{closure}()
#5 /home/anmol/www/html/Customization/Abhishek/web-classranker/classranker/vendor/laravel/framework/src/Illuminate/Database/Query/Builder.php(3090): Illuminate\\Database\\Query\\Builder->onceWithColumns()
#6 /home/anmol/www/html/Customization/Abhishek/web-classranker/classranker/vendor/laravel/framework/src/Illuminate/Database/Query/Builder.php(3285): Illuminate\\Database\\Query\\Builder->get()
#7 /home/anmol/www/html/Customization/Abhishek/web-classranker/classranker/vendor/laravel/framework/src/Illuminate/Database/Query/Builder.php(3244): Illuminate\\Database\\Query\\Builder->runPaginationCountQuery()
#8 /home/anmol/www/html/Customization/Abhishek/web-classranker/classranker/vendor/laravel/framework/src/Illuminate/Database/Query/Builder.php(3151): Illuminate\\Database\\Query\\Builder->getCountForPagination()
#9 /home/anmol/www/html/Customization/Abhishek/web-classranker/classranker/packages/Webkul/DataGrid/src/DataGrid.php(513): Illuminate\\Database\\Query\\Builder->paginate()
#10 /home/anmol/www/html/Customization/Abhishek/web-classranker/classranker/packages/Webkul/DataGrid/src/DataGrid.php(561): Webkul\\DataGrid\\DataGrid->processRequestedPagination()
#11 /home/anmol/www/html/Customization/Abhishek/web-classranker/classranker/packages/Webkul/DataGrid/src/DataGrid.php(737): Webkul\\DataGrid\\DataGrid->processRequest()
#12 /home/anmol/www/html/Customization/Abhishek/web-classranker/classranker/packages/Webkul/DataGrid/src/DataGrid.php(419): Webkul\\DataGrid\\DataGrid->prepare()
#13 /home/anmol/www/html/Customization/Abhishek/web-classranker/classranker/packages/CustomFeature/Question/src/Http/Controllers/QuestionController.php(28): Webkul\\DataGrid\\DataGrid->process()
#14 /home/anmol/www/html/Customization/Abhishek/web-classranker/classranker/vendor/laravel/framework/src/Illuminate/Routing/Controller.php(54): CustomFeature\\Question\\Http\\Controllers\\QuestionController->index()
#15 /home/anmol/www/html/Customization/Abhishek/web-classranker/classranker/vendor/laravel/framework/src/Illuminate/Routing/ControllerDispatcher.php(44): Illuminate\\Routing\\Controller->callAction()
#16 /home/anmol/www/html/Customization/Abhishek/web-classranker/classranker/vendor/laravel/framework/src/Illuminate/Routing/Route.php(266): Illuminate\\Routing\\ControllerDispatcher->dispatch()
#17 /home/anmol/www/html/Customization/Abhishek/web-classranker/classranker/vendor/laravel/framework/src/Illuminate/Routing/Route.php(212): Illuminate\\Routing\\Route->runController()
#18 /home/anmol/www/html/Customization/Abhishek/web-classranker/classranker/vendor/laravel/framework/src/Illuminate/Routing/Router.php(808): Illuminate\\Routing\\Route->run()
#19 /home/anmol/www/html/Customization/Abhishek/web-classranker/classranker/vendor/laravel/framework/src/Illuminate/Pipeline/Pipeline.php(170): Illuminate\\Routing\\Router->Illuminate\\Routing\\{closure}()
#20 /home/anmol/www/html/Customization/Abhishek/web-classranker/classranker/packages/Webkul/Core/src/Http/Middleware/NoCacheMiddleware.php(17): Illuminate\\Pipeline\\Pipeline->Illuminate\\Pipeline\\{closure}()
#21 /home/anmol/www/html/Customization/Abhishek/web-classranker/classranker/vendor/laravel/framework/src/Illuminate/Pipeline/Pipeline.php(209): Webkul\\Core\\Http\\Middleware\\NoCacheMiddleware->handle()
#22 /home/anmol/www/html/Customization/Abhishek/web-classranker/classranker/packages/Webkul/User/src/Http/Middleware/Bouncer.php(44): Illuminate\\Pipeline\\Pipeline->Illuminate\\Pipeline\\{closure}()
#23 /home/anmol/www/html/Customization/Abhishek/web-classranker/classranker/vendor/laravel/framework/src/Illuminate/Pipeline/Pipeline.php(209): Webkul\\User\\Http\\Middleware\\Bouncer->handle()
#24 /home/anmol/www/html/Customization/Abhishek/web-classranker/classranker/packages/Webkul/Core/src/Http/Middleware/PreventRequestsDuringMaintenance.php(73): Illuminate\\Pipeline\\Pipeline->Illuminate\\Pipeline\\{closure}()
#25 /home/anmol/www/html/Customization/Abhishek/web-classranker/classranker/vendor/laravel/framework/src/Illuminate/Pipeline/Pipeline.php(209): Webkul\\Core\\Http\\Middleware\\PreventRequestsDuringMaintenance->handle()
#26 /home/anmol/www/html/Customization/Abhishek/web-classranker/classranker/vendor/barryvdh/laravel-debugbar/src/Middleware/InjectDebugbar.php(66): Illuminate\\Pipeline\\Pipeline->Illuminate\\Pipeline\\{closure}()
#27 /home/anmol/www/html/Customization/Abhishek/web-classranker/classranker/vendor/laravel/framework/src/Illuminate/Pipeline/Pipeline.php(209): Barryvdh\\Debugbar\\Middleware\\InjectDebugbar->handle()
#28 /home/anmol/www/html/Customization/Abhishek/web-classranker/classranker/vendor/laravel/framework/src/Illuminate/Routing/Middleware/SubstituteBindings.php(51): Illuminate\\Pipeline\\Pipeline->Illuminate\\Pipeline\\{closure}()
#29 /home/anmol/www/html/Customization/Abhishek/web-classranker/classranker/vendor/laravel/framework/src/Illuminate/Pipeline/Pipeline.php(209): Illuminate\\Routing\\Middleware\\SubstituteBindings->handle()
#30 /home/anmol/www/html/Customization/Abhishek/web-classranker/classranker/vendor/laravel/framework/src/Illuminate/Foundation/Http/Middleware/VerifyCsrfToken.php(88): Illuminate\\Pipeline\\Pipeline->Illuminate\\Pipeline\\{closure}()
#31 /home/anmol/www/html/Customization/Abhishek/web-classranker/classranker/vendor/laravel/framework/src/Illuminate/Pipeline/Pipeline.php(209): Illuminate\\Foundation\\Http\\Middleware\\VerifyCsrfToken->handle()
#32 /home/anmol/www/html/Customization/Abhishek/web-classranker/classranker/vendor/laravel/framework/src/Illuminate/View/Middleware/ShareErrorsFromSession.php(49): Illuminate\\Pipeline\\Pipeline->Illuminate\\Pipeline\\{closure}()
#33 /home/anmol/www/html/Customization/Abhishek/web-classranker/classranker/vendor/laravel/framework/src/Illuminate/Pipeline/Pipeline.php(209): Illuminate\\View\\Middleware\\ShareErrorsFromSession->handle()
#34 /home/anmol/www/html/Customization/Abhishek/web-classranker/classranker/vendor/laravel/framework/src/Illuminate/Session/Middleware/StartSession.php(121): Illuminate\\Pipeline\\Pipeline->Illuminate\\Pipeline\\{closure}()
#35 /home/anmol/www/html/Customization/Abhishek/web-classranker/classranker/vendor/laravel/framework/src/Illuminate/Session/Middleware/StartSession.php(64): Illuminate\\Session\\Middleware\\StartSession->handleStatefulRequest()
#36 /home/anmol/www/html/Customization/Abhishek/web-classranker/classranker/vendor/laravel/framework/src/Illuminate/Pipeline/Pipeline.php(209): Illuminate\\Session\\Middleware\\StartSession->handle()
#37 /home/anmol/www/html/Customization/Abhishek/web-classranker/classranker/vendor/laravel/framework/src/Illuminate/Cookie/Middleware/AddQueuedCookiesToResponse.php(37): Illuminate\\Pipeline\\Pipeline->Illuminate\\Pipeline\\{closure}()
#38 /home/anmol/www/html/Customization/Abhishek/web-classranker/classranker/vendor/laravel/framework/src/Illuminate/Pipeline/Pipeline.php(209): Illuminate\\Cookie\\Middleware\\AddQueuedCookiesToResponse->handle()
#39 /home/anmol/www/html/Customization/Abhishek/web-classranker/classranker/vendor/laravel/framework/src/Illuminate/Cookie/Middleware/EncryptCookies.php(75): Illuminate\\Pipeline\\Pipeline->Illuminate\\Pipeline\\{closure}()
#40 /home/anmol/www/html/Customization/Abhishek/web-classranker/classranker/vendor/laravel/framework/src/Illuminate/Pipeline/Pipeline.php(209): Illuminate\\Cookie\\Middleware\\EncryptCookies->handle()
#41 /home/anmol/www/html/Customization/Abhishek/web-classranker/classranker/vendor/laravel/framework/src/Illuminate/Pipeline/Pipeline.php(127): Illuminate\\Pipeline\\Pipeline->Illuminate\\Pipeline\\{closure}()
#42 /home/anmol/www/html/Customization/Abhishek/web-classranker/classranker/vendor/laravel/framework/src/Illuminate/Routing/Router.php(807): Illuminate\\Pipeline\\Pipeline->then()
#43 /home/anmol/www/html/Customization/Abhishek/web-classranker/classranker/vendor/laravel/framework/src/Illuminate/Routing/Router.php(786): Illuminate\\Routing\\Router->runRouteWithinStack()
#44 /home/anmol/www/html/Customization/Abhishek/web-classranker/classranker/vendor/laravel/framework/src/Illuminate/Routing/Router.php(750): Illuminate\\Routing\\Router->runRoute()
#45 /home/anmol/www/html/Customization/Abhishek/web-classranker/classranker/vendor/laravel/framework/src/Illuminate/Routing/Router.php(739): Illuminate\\Routing\\Router->dispatchToRoute()
#46 /home/anmol/www/html/Customization/Abhishek/web-classranker/classranker/vendor/laravel/framework/src/Illuminate/Foundation/Http/Kernel.php(201): Illuminate\\Routing\\Router->dispatch()
#47 /home/anmol/www/html/Customization/Abhishek/web-classranker/classranker/vendor/laravel/framework/src/Illuminate/Pipeline/Pipeline.php(170): Illuminate\\Foundation\\Http\\Kernel->Illuminate\\Foundation\\Http\\{closure}()
#48 /home/anmol/www/html/Customization/Abhishek/web-classranker/classranker/vendor/barryvdh/laravel-debugbar/src/Middleware/InjectDebugbar.php(66): Illuminate\\Pipeline\\Pipeline->Illuminate\\Pipeline\\{closure}()
#49 /home/anmol/www/html/Customization/Abhishek/web-classranker/classranker/vendor/laravel/framework/src/Illuminate/Pipeline/Pipeline.php(209): Barryvdh\\Debugbar\\Middleware\\InjectDebugbar->handle()
#50 /home/anmol/www/html/Customization/Abhishek/web-classranker/classranker/packages/Webkul/Installer/src/Http/Middleware/CanInstall.php(36): Illuminate\\Pipeline\\Pipeline->Illuminate\\Pipeline\\{closure}()
#51 /home/anmol/www/html/Customization/Abhishek/web-classranker/classranker/vendor/laravel/framework/src/Illuminate/Pipeline/Pipeline.php(209): Webkul\\Installer\\Http\\Middleware\\CanInstall->handle()
#52 /home/anmol/www/html/Customization/Abhishek/web-classranker/classranker/packages/Webkul/Core/src/Http/Middleware/SecureHeaders.php(26): Illuminate\\Pipeline\\Pipeline->Illuminate\\Pipeline\\{closure}()
#53 /home/anmol/www/html/Customization/Abhishek/web-classranker/classranker/vendor/laravel/framework/src/Illuminate/Pipeline/Pipeline.php(209): Webkul\\Core\\Http\\Middleware\\SecureHeaders->handle()
#54 /home/anmol/www/html/Customization/Abhishek/web-classranker/classranker/vendor/laravel/framework/src/Illuminate/Foundation/Http/Middleware/TransformsRequest.php(21): Illuminate\\Pipeline\\Pipeline->Illuminate\\Pipeline\\{closure}()
#55 /home/anmol/www/html/Customization/Abhishek/web-classranker/classranker/vendor/laravel/framework/src/Illuminate/Foundation/Http/Middleware/TrimStrings.php(51): Illuminate\\Foundation\\Http\\Middleware\\TransformsRequest->handle()
#56 /home/anmol/www/html/Customization/Abhishek/web-classranker/classranker/vendor/laravel/framework/src/Illuminate/Pipeline/Pipeline.php(209): Illuminate\\Foundation\\Http\\Middleware\\TrimStrings->handle()
#57 /home/anmol/www/html/Customization/Abhishek/web-classranker/classranker/vendor/laravel/framework/src/Illuminate/Http/Middleware/ValidatePostSize.php(27): Illuminate\\Pipeline\\Pipeline->Illuminate\\Pipeline\\{closure}()
#58 /home/anmol/www/html/Customization/Abhishek/web-classranker/classranker/vendor/laravel/framework/src/Illuminate/Pipeline/Pipeline.php(209): Illuminate\\Http\\Middleware\\ValidatePostSize->handle()
#59 /home/anmol/www/html/Customization/Abhishek/web-classranker/classranker/vendor/laravel/framework/src/Illuminate/Http/Middleware/HandleCors.php(49): Illuminate\\Pipeline\\Pipeline->Illuminate\\Pipeline\\{closure}()
#60 /home/anmol/www/html/Customization/Abhishek/web-classranker/classranker/vendor/laravel/framework/src/Illuminate/Pipeline/Pipeline.php(209): Illuminate\\Http\\Middleware\\HandleCors->handle()
#61 /home/anmol/www/html/Customization/Abhishek/web-classranker/classranker/vendor/laravel/framework/src/Illuminate/Http/Middleware/TrustProxies.php(58): Illuminate\\Pipeline\\Pipeline->Illuminate\\Pipeline\\{closure}()
#62 /home/anmol/www/html/Customization/Abhishek/web-classranker/classranker/vendor/laravel/framework/src/Illuminate/Pipeline/Pipeline.php(209): Illuminate\\Http\\Middleware\\TrustProxies->handle()
#63 /home/anmol/www/html/Customization/Abhishek/web-classranker/classranker/vendor/laravel/framework/src/Illuminate/Foundation/Http/Middleware/InvokeDeferredCallbacks.php(22): Illuminate\\Pipeline\\Pipeline->Illuminate\\Pipeline\\{closure}()
#64 /home/anmol/www/html/Customization/Abhishek/web-classranker/classranker/vendor/laravel/framework/src/Illuminate/Pipeline/Pipeline.php(209): Illuminate\\Foundation\\Http\\Middleware\\InvokeDeferredCallbacks->handle()
#65 /home/anmol/www/html/Customization/Abhishek/web-classranker/classranker/vendor/laravel/framework/src/Illuminate/Pipeline/Pipeline.php(127): Illuminate\\Pipeline\\Pipeline->Illuminate\\Pipeline\\{closure}()
#66 /home/anmol/www/html/Customization/Abhishek/web-classranker/classranker/vendor/laravel/framework/src/Illuminate/Foundation/Http/Kernel.php(176): Illuminate\\Pipeline\\Pipeline->then()
#67 /home/anmol/www/html/Customization/Abhishek/web-classranker/classranker/vendor/laravel/framework/src/Illuminate/Foundation/Http/Kernel.php(145): Illuminate\\Foundation\\Http\\Kernel->sendRequestThroughRouter()
#68 /home/anmol/www/html/Customization/Abhishek/web-classranker/classranker/public/index.php(51): Illuminate\\Foundation\\Http\\Kernel->handle()
#69 {main}

[previous exception] [object] (PDOException(code: 42S22): SQLSTATE[42S22]: Column not found: 1054 Unknown column 'chapters.chapter_id' in 'on clause' at /home/anmol/www/html/Customization/Abhishek/web-classranker/classranker/vendor/laravel/framework/src/Illuminate/Database/Connection.php:407)
[stacktrace]
#0 /home/anmol/www/html/Customization/Abhishek/web-classranker/classranker/vendor/laravel/framework/src/Illuminate/Database/Connection.php(407): PDO->prepare()
#1 /home/anmol/www/html/Customization/Abhishek/web-classranker/classranker/vendor/laravel/framework/src/Illuminate/Database/Connection.php(812): Illuminate\\Database\\Connection->Illuminate\\Database\\{closure}()
#2 /home/anmol/www/html/Customization/Abhishek/web-classranker/classranker/vendor/laravel/framework/src/Illuminate/Database/Connection.php(779): Illuminate\\Database\\Connection->runQueryCallback()
#3 /home/anmol/www/html/Customization/Abhishek/web-classranker/classranker/vendor/laravel/framework/src/Illuminate/Database/Connection.php(398): Illuminate\\Database\\Connection->run()
#4 /home/anmol/www/html/Customization/Abhishek/web-classranker/classranker/vendor/laravel/framework/src/Illuminate/Database/Query/Builder.php(3106): Illuminate\\Database\\Connection->select()
#5 /home/anmol/www/html/Customization/Abhishek/web-classranker/classranker/vendor/laravel/framework/src/Illuminate/Database/Query/Builder.php(3091): Illuminate\\Database\\Query\\Builder->runSelect()
#6 /home/anmol/www/html/Customization/Abhishek/web-classranker/classranker/vendor/laravel/framework/src/Illuminate/Database/Query/Builder.php(3676): Illuminate\\Database\\Query\\Builder->Illuminate\\Database\\Query\\{closure}()
#7 /home/anmol/www/html/Customization/Abhishek/web-classranker/classranker/vendor/laravel/framework/src/Illuminate/Database/Query/Builder.php(3090): Illuminate\\Database\\Query\\Builder->onceWithColumns()
#8 /home/anmol/www/html/Customization/Abhishek/web-classranker/classranker/vendor/laravel/framework/src/Illuminate/Database/Query/Builder.php(3285): Illuminate\\Database\\Query\\Builder->get()
#9 /home/anmol/www/html/Customization/Abhishek/web-classranker/classranker/vendor/laravel/framework/src/Illuminate/Database/Query/Builder.php(3244): Illuminate\\Database\\Query\\Builder->runPaginationCountQuery()
#10 /home/anmol/www/html/Customization/Abhishek/web-classranker/classranker/vendor/laravel/framework/src/Illuminate/Database/Query/Builder.php(3151): Illuminate\\Database\\Query\\Builder->getCountForPagination()
#11 /home/anmol/www/html/Customization/Abhishek/web-classranker/classranker/packages/Webkul/DataGrid/src/DataGrid.php(513): Illuminate\\Database\\Query\\Builder->paginate()
#12 /home/anmol/www/html/Customization/Abhishek/web-classranker/classranker/packages/Webkul/DataGrid/src/DataGrid.php(561): Webkul\\DataGrid\\DataGrid->processRequestedPagination()
#13 /home/anmol/www/html/Customization/Abhishek/web-classranker/classranker/packages/Webkul/DataGrid/src/DataGrid.php(737): Webkul\\DataGrid\\DataGrid->processRequest()
#14 /home/anmol/www/html/Customization/Abhishek/web-classranker/classranker/packages/Webkul/DataGrid/src/DataGrid.php(419): Webkul\\DataGrid\\DataGrid->prepare()
#15 /home/anmol/www/html/Customization/Abhishek/web-classranker/classranker/packages/CustomFeature/Question/src/Http/Controllers/QuestionController.php(28): Webkul\\DataGrid\\DataGrid->process()
#16 /home/anmol/www/html/Customization/Abhishek/web-classranker/classranker/vendor/laravel/framework/src/Illuminate/Routing/Controller.php(54): CustomFeature\\Question\\Http\\Controllers\\QuestionController->index()
#17 /home/anmol/www/html/Customization/Abhishek/web-classranker/classranker/vendor/laravel/framework/src/Illuminate/Routing/ControllerDispatcher.php(44): Illuminate\\Routing\\Controller->callAction()
#18 /home/anmol/www/html/Customization/Abhishek/web-classranker/classranker/vendor/laravel/framework/src/Illuminate/Routing/Route.php(266): Illuminate\\Routing\\ControllerDispatcher->dispatch()
#19 /home/anmol/www/html/Customization/Abhishek/web-classranker/classranker/vendor/laravel/framework/src/Illuminate/Routing/Route.php(212): Illuminate\\Routing\\Route->runController()
#20 /home/anmol/www/html/Customization/Abhishek/web-classranker/classranker/vendor/laravel/framework/src/Illuminate/Routing/Router.php(808): Illuminate\\Routing\\Route->run()
#21 /home/anmol/www/html/Customization/Abhishek/web-classranker/classranker/vendor/laravel/framework/src/Illuminate/Pipeline/Pipeline.php(170): Illuminate\\Routing\\Router->Illuminate\\Routing\\{closure}()
#22 /home/anmol/www/html/Customization/Abhishek/web-classranker/classranker/packages/Webkul/Core/src/Http/Middleware/NoCacheMiddleware.php(17): Illuminate\\Pipeline\\Pipeline->Illuminate\\Pipeline\\{closure}()
#23 /home/anmol/www/html/Customization/Abhishek/web-classranker/classranker/vendor/laravel/framework/src/Illuminate/Pipeline/Pipeline.php(209): Webkul\\Core\\Http\\Middleware\\NoCacheMiddleware->handle()
#24 /home/anmol/www/html/Customization/Abhishek/web-classranker/classranker/packages/Webkul/User/src/Http/Middleware/Bouncer.php(44): Illuminate\\Pipeline\\Pipeline->Illuminate\\Pipeline\\{closure}()
#25 /home/anmol/www/html/Customization/Abhishek/web-classranker/classranker/vendor/laravel/framework/src/Illuminate/Pipeline/Pipeline.php(209): Webkul\\User\\Http\\Middleware\\Bouncer->handle()
#26 /home/anmol/www/html/Customization/Abhishek/web-classranker/classranker/packages/Webkul/Core/src/Http/Middleware/PreventRequestsDuringMaintenance.php(73): Illuminate\\Pipeline\\Pipeline->Illuminate\\Pipeline\\{closure}()
#27 /home/anmol/www/html/Customization/Abhishek/web-classranker/classranker/vendor/laravel/framework/src/Illuminate/Pipeline/Pipeline.php(209): Webkul\\Core\\Http\\Middleware\\PreventRequestsDuringMaintenance->handle()
#28 /home/anmol/www/html/Customization/Abhishek/web-classranker/classranker/vendor/barryvdh/laravel-debugbar/src/Middleware/InjectDebugbar.php(66): Illuminate\\Pipeline\\Pipeline->Illuminate\\Pipeline\\{closure}()
#29 /home/anmol/www/html/Customization/Abhishek/web-classranker/classranker/vendor/laravel/framework/src/Illuminate/Pipeline/Pipeline.php(209): Barryvdh\\Debugbar\\Middleware\\InjectDebugbar->handle()
#30 /home/anmol/www/html/Customization/Abhishek/web-classranker/classranker/vendor/laravel/framework/src/Illuminate/Routing/Middleware/SubstituteBindings.php(51): Illuminate\\Pipeline\\Pipeline->Illuminate\\Pipeline\\{closure}()
#31 /home/anmol/www/html/Customization/Abhishek/web-classranker/classranker/vendor/laravel/framework/src/Illuminate/Pipeline/Pipeline.php(209): Illuminate\\Routing\\Middleware\\SubstituteBindings->handle()
#32 /home/anmol/www/html/Customization/Abhishek/web-classranker/classranker/vendor/laravel/framework/src/Illuminate/Foundation/Http/Middleware/VerifyCsrfToken.php(88): Illuminate\\Pipeline\\Pipeline->Illuminate\\Pipeline\\{closure}()
#33 /home/anmol/www/html/Customization/Abhishek/web-classranker/classranker/vendor/laravel/framework/src/Illuminate/Pipeline/Pipeline.php(209): Illuminate\\Foundation\\Http\\Middleware\\VerifyCsrfToken->handle()
#34 /home/anmol/www/html/Customization/Abhishek/web-classranker/classranker/vendor/laravel/framework/src/Illuminate/View/Middleware/ShareErrorsFromSession.php(49): Illuminate\\Pipeline\\Pipeline->Illuminate\\Pipeline\\{closure}()
#35 /home/anmol/www/html/Customization/Abhishek/web-classranker/classranker/vendor/laravel/framework/src/Illuminate/Pipeline/Pipeline.php(209): Illuminate\\View\\Middleware\\ShareErrorsFromSession->handle()
#36 /home/anmol/www/html/Customization/Abhishek/web-classranker/classranker/vendor/laravel/framework/src/Illuminate/Session/Middleware/StartSession.php(121): Illuminate\\Pipeline\\Pipeline->Illuminate\\Pipeline\\{closure}()
#37 /home/anmol/www/html/Customization/Abhishek/web-classranker/classranker/vendor/laravel/framework/src/Illuminate/Session/Middleware/StartSession.php(64): Illuminate\\Session\\Middleware\\StartSession->handleStatefulRequest()
#38 /home/anmol/www/html/Customization/Abhishek/web-classranker/classranker/vendor/laravel/framework/src/Illuminate/Pipeline/Pipeline.php(209): Illuminate\\Session\\Middleware\\StartSession->handle()
#39 /home/anmol/www/html/Customization/Abhishek/web-classranker/classranker/vendor/laravel/framework/src/Illuminate/Cookie/Middleware/AddQueuedCookiesToResponse.php(37): Illuminate\\Pipeline\\Pipeline->Illuminate\\Pipeline\\{closure}()
#40 /home/anmol/www/html/Customization/Abhishek/web-classranker/classranker/vendor/laravel/framework/src/Illuminate/Pipeline/Pipeline.php(209): Illuminate\\Cookie\\Middleware\\AddQueuedCookiesToResponse->handle()
#41 /home/anmol/www/html/Customization/Abhishek/web-classranker/classranker/vendor/laravel/framework/src/Illuminate/Cookie/Middleware/EncryptCookies.php(75): Illuminate\\Pipeline\\Pipeline->Illuminate\\Pipeline\\{closure}()
#42 /home/anmol/www/html/Customization/Abhishek/web-classranker/classranker/vendor/laravel/framework/src/Illuminate/Pipeline/Pipeline.php(209): Illuminate\\Cookie\\Middleware\\EncryptCookies->handle()
#43 /home/anmol/www/html/Customization/Abhishek/web-classranker/classranker/vendor/laravel/framework/src/Illuminate/Pipeline/Pipeline.php(127): Illuminate\\Pipeline\\Pipeline->Illuminate\\Pipeline\\{closure}()
#44 /home/anmol/www/html/Customization/Abhishek/web-classranker/classranker/vendor/laravel/framework/src/Illuminate/Routing/Router.php(807): Illuminate\\Pipeline\\Pipeline->then()
#45 /home/anmol/www/html/Customization/Abhishek/web-classranker/classranker/vendor/laravel/framework/src/Illuminate/Routing/Router.php(786): Illuminate\\Routing\\Router->runRouteWithinStack()
#46 /home/anmol/www/html/Customization/Abhishek/web-classranker/classranker/vendor/laravel/framework/src/Illuminate/Routing/Router.php(750): Illuminate\\Routing\\Router->runRoute()
#47 /home/anmol/www/html/Customization/Abhishek/web-classranker/classranker/vendor/laravel/framework/src/Illuminate/Routing/Router.php(739): Illuminate\\Routing\\Router->dispatchToRoute()
#48 /home/anmol/www/html/Customization/Abhishek/web-classranker/classranker/vendor/laravel/framework/src/Illuminate/Foundation/Http/Kernel.php(201): Illuminate\\Routing\\Router->dispatch()
#49 /home/anmol/www/html/Customization/Abhishek/web-classranker/classranker/vendor/laravel/framework/src/Illuminate/Pipeline/Pipeline.php(170): Illuminate\\Foundation\\Http\\Kernel->Illuminate\\Foundation\\Http\\{closure}()
#50 /home/anmol/www/html/Customization/Abhishek/web-classranker/classranker/vendor/barryvdh/laravel-debugbar/src/Middleware/InjectDebugbar.php(66): Illuminate\\Pipeline\\Pipeline->Illuminate\\Pipeline\\{closure}()
#51 /home/anmol/www/html/Customization/Abhishek/web-classranker/classranker/vendor/laravel/framework/src/Illuminate/Pipeline/Pipeline.php(209): Barryvdh\\Debugbar\\Middleware\\InjectDebugbar->handle()
#52 /home/anmol/www/html/Customization/Abhishek/web-classranker/classranker/packages/Webkul/Installer/src/Http/Middleware/CanInstall.php(36): Illuminate\\Pipeline\\Pipeline->Illuminate\\Pipeline\\{closure}()
#53 /home/anmol/www/html/Customization/Abhishek/web-classranker/classranker/vendor/laravel/framework/src/Illuminate/Pipeline/Pipeline.php(209): Webkul\\Installer\\Http\\Middleware\\CanInstall->handle()
#54 /home/anmol/www/html/Customization/Abhishek/web-classranker/classranker/packages/Webkul/Core/src/Http/Middleware/SecureHeaders.php(26): Illuminate\\Pipeline\\Pipeline->Illuminate\\Pipeline\\{closure}()
#55 /home/anmol/www/html/Customization/Abhishek/web-classranker/classranker/vendor/laravel/framework/src/Illuminate/Pipeline/Pipeline.php(209): Webkul\\Core\\Http\\Middleware\\SecureHeaders->handle()
#56 /home/anmol/www/html/Customization/Abhishek/web-classranker/classranker/vendor/laravel/framework/src/Illuminate/Foundation/Http/Middleware/TransformsRequest.php(21): Illuminate\\Pipeline\\Pipeline->Illuminate\\Pipeline\\{closure}()
#57 /home/anmol/www/html/Customization/Abhishek/web-classranker/classranker/vendor/laravel/framework/src/Illuminate/Foundation/Http/Middleware/TrimStrings.php(51): Illuminate\\Foundation\\Http\\Middleware\\TransformsRequest->handle()
#58 /home/anmol/www/html/Customization/Abhishek/web-classranker/classranker/vendor/laravel/framework/src/Illuminate/Pipeline/Pipeline.php(209): Illuminate\\Foundation\\Http\\Middleware\\TrimStrings->handle()
#59 /home/anmol/www/html/Customization/Abhishek/web-classranker/classranker/vendor/laravel/framework/src/Illuminate/Http/Middleware/ValidatePostSize.php(27): Illuminate\\Pipeline\\Pipeline->Illuminate\\Pipeline\\{closure}()
#60 /home/anmol/www/html/Customization/Abhishek/web-classranker/classranker/vendor/laravel/framework/src/Illuminate/Pipeline/Pipeline.php(209): Illuminate\\Http\\Middleware\\ValidatePostSize->handle()
#61 /home/anmol/www/html/Customization/Abhishek/web-classranker/classranker/vendor/laravel/framework/src/Illuminate/Http/Middleware/HandleCors.php(49): Illuminate\\Pipeline\\Pipeline->Illuminate\\Pipeline\\{closure}()
#62 /home/anmol/www/html/Customization/Abhishek/web-classranker/classranker/vendor/laravel/framework/src/Illuminate/Pipeline/Pipeline.php(209): Illuminate\\Http\\Middleware\\HandleCors->handle()
#63 /home/anmol/www/html/Customization/Abhishek/web-classranker/classranker/vendor/laravel/framework/src/Illuminate/Http/Middleware/TrustProxies.php(58): Illuminate\\Pipeline\\Pipeline->Illuminate\\Pipeline\\{closure}()
#64 /home/anmol/www/html/Customization/Abhishek/web-classranker/classranker/vendor/laravel/framework/src/Illuminate/Pipeline/Pipeline.php(209): Illuminate\\Http\\Middleware\\TrustProxies->handle()
#65 /home/anmol/www/html/Customization/Abhishek/web-classranker/classranker/vendor/laravel/framework/src/Illuminate/Foundation/Http/Middleware/InvokeDeferredCallbacks.php(22): Illuminate\\Pipeline\\Pipeline->Illuminate\\Pipeline\\{closure}()
#66 /home/anmol/www/html/Customization/Abhishek/web-classranker/classranker/vendor/laravel/framework/src/Illuminate/Pipeline/Pipeline.php(209): Illuminate\\Foundation\\Http\\Middleware\\InvokeDeferredCallbacks->handle()
#67 /home/anmol/www/html/Customization/Abhishek/web-classranker/classranker/vendor/laravel/framework/src/Illuminate/Pipeline/Pipeline.php(127): Illuminate\\Pipeline\\Pipeline->Illuminate\\Pipeline\\{closure}()
#68 /home/anmol/www/html/Customization/Abhishek/web-classranker/classranker/vendor/laravel/framework/src/Illuminate/Foundation/Http/Kernel.php(176): Illuminate\\Pipeline\\Pipeline->then()
#69 /home/anmol/www/html/Customization/Abhishek/web-classranker/classranker/vendor/laravel/framework/src/Illuminate/Foundation/Http/Kernel.php(145): Illuminate\\Foundation\\Http\\Kernel->sendRequestThroughRouter()
#70 /home/anmol/www/html/Customization/Abhishek/web-classranker/classranker/public/index.php(51): Illuminate\\Foundation\\Http\\Kernel->handle()
#71 {main}
"} 
[2026-02-26 01:03:02] local.ERROR: SQLSTATE[42S22]: Column not found: 1054 Unknown column 'chapters.chapter_id' in 'on clause' (Connection: mysql, SQL: select count(*) as aggregate from `questions` left join `boards` on `chapters`.`board_id` = `boards`.`id` left join `grades` on `chapters`.`grade_id` = `grades`.`id` left join `subjects` on `chapters`.`subject_id` = `subjects`.`id` left join `books` on `chapters`.`book_id` = `books`.`id` left join `chapters` on `chapters`.`chapter_id` = `chapters`.`id`) {"exception":"[object] (Illuminate\\Database\\QueryException(code: 42S22): SQLSTATE[42S22]: Column not found: 1054 Unknown column 'chapters.chapter_id' in 'on clause' (Connection: mysql, SQL: select count(*) as aggregate from `questions` left join `boards` on `chapters`.`board_id` = `boards`.`id` left join `grades` on `chapters`.`grade_id` = `grades`.`id` left join `subjects` on `chapters`.`subject_id` = `subjects`.`id` left join `books` on `chapters`.`book_id` = `books`.`id` left join `chapters` on `chapters`.`chapter_id` = `chapters`.`id`) at /home/anmol/www/html/Customization/Abhishek/web-classranker/classranker/vendor/laravel/framework/src/Illuminate/Database/Connection.php:825)
[stacktrace]
#0 /home/anmol/www/html/Customization/Abhishek/web-classranker/classranker/vendor/laravel/framework/src/Illuminate/Database/Connection.php(779): Illuminate\\Database\\Connection->runQueryCallback()
#1 /home/anmol/www/html/Customization/Abhishek/web-classranker/classranker/vendor/laravel/framework/src/Illuminate/Database/Connection.php(398): Illuminate\\Database\\Connection->run()
#2 /home/anmol/www/html/Customization/Abhishek/web-classranker/classranker/vendor/laravel/framework/src/Illuminate/Database/Query/Builder.php(3106): Illuminate\\Database\\Connection->select()
#3 /home/anmol/www/html/Customization/Abhishek/web-classranker/classranker/vendor/laravel/framework/src/Illuminate/Database/Query/Builder.php(3091): Illuminate\\Database\\Query\\Builder->runSelect()
#4 /home/anmol/www/html/Customization/Abhishek/web-classranker/classranker/vendor/laravel/framework/src/Illuminate/Database/Query/Builder.php(3676): Illuminate\\Database\\Query\\Builder->Illuminate\\Database\\Query\\{closure}()
#5 /home/anmol/www/html/Customization/Abhishek/web-classranker/classranker/vendor/laravel/framework/src/Illuminate/Database/Query/Builder.php(3090): Illuminate\\Database\\Query\\Builder->onceWithColumns()
#6 /home/anmol/www/html/Customization/Abhishek/web-classranker/classranker/vendor/laravel/framework/src/Illuminate/Database/Query/Builder.php(3285): Illuminate\\Database\\Query\\Builder->get()
#7 /home/anmol/www/html/Customization/Abhishek/web-classranker/classranker/vendor/laravel/framework/src/Illuminate/Database/Query/Builder.php(3244): Illuminate\\Database\\Query\\Builder->runPaginationCountQuery()
#8 /home/anmol/www/html/Customization/Abhishek/web-classranker/classranker/vendor/laravel/framework/src/Illuminate/Database/Query/Builder.php(3151): Illuminate\\Database\\Query\\Builder->getCountForPagination()
#9 /home/anmol/www/html/Customization/Abhishek/web-classranker/classranker/packages/Webkul/DataGrid/src/DataGrid.php(513): Illuminate\\Database\\Query\\Builder->paginate()
#10 /home/anmol/www/html/Customization/Abhishek/web-classranker/classranker/packages/Webkul/DataGrid/src/DataGrid.php(561): Webkul\\DataGrid\\DataGrid->processRequestedPagination()
#11 /home/anmol/www/html/Customization/Abhishek/web-classranker/classranker/packages/Webkul/DataGrid/src/DataGrid.php(737): Webkul\\DataGrid\\DataGrid->processRequest()
#12 /home/anmol/www/html/Customization/Abhishek/web-classranker/classranker/packages/Webkul/DataGrid/src/DataGrid.php(419): Webkul\\DataGrid\\DataGrid->prepare()
#13 /home/anmol/www/html/Customization/Abhishek/web-classranker/classranker/packages/CustomFeature/Question/src/Http/Controllers/QuestionController.php(28): Webkul\\DataGrid\\DataGrid->process()
#14 /home/anmol/www/html/Customization/Abhishek/web-classranker/classranker/vendor/laravel/framework/src/Illuminate/Routing/Controller.php(54): CustomFeature\\Question\\Http\\Controllers\\QuestionController->index()
#15 /home/anmol/www/html/Customization/Abhishek/web-classranker/classranker/vendor/laravel/framework/src/Illuminate/Routing/ControllerDispatcher.php(44): Illuminate\\Routing\\Controller->callAction()
#16 /home/anmol/www/html/Customization/Abhishek/web-classranker/classranker/vendor/laravel/framework/src/Illuminate/Routing/Route.php(266): Illuminate\\Routing\\ControllerDispatcher->dispatch()
#17 /home/anmol/www/html/Customization/Abhishek/web-classranker/classranker/vendor/laravel/framework/src/Illuminate/Routing/Route.php(212): Illuminate\\Routing\\Route->runController()
#18 /home/anmol/www/html/Customization/Abhishek/web-classranker/classranker/vendor/laravel/framework/src/Illuminate/Routing/Router.php(808): Illuminate\\Routing\\Route->run()
#19 /home/anmol/www/html/Customization/Abhishek/web-classranker/classranker/vendor/laravel/framework/src/Illuminate/Pipeline/Pipeline.php(170): Illuminate\\Routing\\Router->Illuminate\\Routing\\{closure}()
#20 /home/anmol/www/html/Customization/Abhishek/web-classranker/classranker/packages/Webkul/Core/src/Http/Middleware/NoCacheMiddleware.php(17): Illuminate\\Pipeline\\Pipeline->Illuminate\\Pipeline\\{closure}()
#21 /home/anmol/www/html/Customization/Abhishek/web-classranker/classranker/vendor/laravel/framework/src/Illuminate/Pipeline/Pipeline.php(209): Webkul\\Core\\Http\\Middleware\\NoCacheMiddleware->handle()
#22 /home/anmol/www/html/Customization/Abhishek/web-classranker/classranker/packages/Webkul/User/src/Http/Middleware/Bouncer.php(44): Illuminate\\Pipeline\\Pipeline->Illuminate\\Pipeline\\{closure}()
#23 /home/anmol/www/html/Customization/Abhishek/web-classranker/classranker/vendor/laravel/framework/src/Illuminate/Pipeline/Pipeline.php(209): Webkul\\User\\Http\\Middleware\\Bouncer->handle()
#24 /home/anmol/www/html/Customization/Abhishek/web-classranker/classranker/packages/Webkul/Core/src/Http/Middleware/PreventRequestsDuringMaintenance.php(73): Illuminate\\Pipeline\\Pipeline->Illuminate\\Pipeline\\{closure}()
#25 /home/anmol/www/html/Customization/Abhishek/web-classranker/classranker/vendor/laravel/framework/src/Illuminate/Pipeline/Pipeline.php(209): Webkul\\Core\\Http\\Middleware\\PreventRequestsDuringMaintenance->handle()
#26 /home/anmol/www/html/Customization/Abhishek/web-classranker/classranker/vendor/barryvdh/laravel-debugbar/src/Middleware/InjectDebugbar.php(66): Illuminate\\Pipeline\\Pipeline->Illuminate\\Pipeline\\{closure}()
#27 /home/anmol/www/html/Customization/Abhishek/web-classranker/classranker/vendor/laravel/framework/src/Illuminate/Pipeline/Pipeline.php(209): Barryvdh\\Debugbar\\Middleware\\InjectDebugbar->handle()
#28 /home/anmol/www/html/Customization/Abhishek/web-classranker/classranker/vendor/laravel/framework/src/Illuminate/Routing/Middleware/SubstituteBindings.php(51): Illuminate\\Pipeline\\Pipeline->Illuminate\\Pipeline\\{closure}()
#29 /home/anmol/www/html/Customization/Abhishek/web-classranker/classranker/vendor/laravel/framework/src/Illuminate/Pipeline/Pipeline.php(209): Illuminate\\Routing\\Middleware\\SubstituteBindings->handle()
#30 /home/anmol/www/html/Customization/Abhishek/web-classranker/classranker/vendor/laravel/framework/src/Illuminate/Foundation/Http/Middleware/VerifyCsrfToken.php(88): Illuminate\\Pipeline\\Pipeline->Illuminate\\Pipeline\\{closure}()
#31 /home/anmol/www/html/Customization/Abhishek/web-classranker/classranker/vendor/laravel/framework/src/Illuminate/Pipeline/Pipeline.php(209): Illuminate\\Foundation\\Http\\Middleware\\VerifyCsrfToken->handle()
#32 /home/anmol/www/html/Customization/Abhishek/web-classranker/classranker/vendor/laravel/framework/src/Illuminate/View/Middleware/ShareErrorsFromSession.php(49): Illuminate\\Pipeline\\Pipeline->Illuminate\\Pipeline\\{closure}()
#33 /home/anmol/www/html/Customization/Abhishek/web-classranker/classranker/vendor/laravel/framework/src/Illuminate/Pipeline/Pipeline.php(209): Illuminate\\View\\Middleware\\ShareErrorsFromSession->handle()
#34 /home/anmol/www/html/Customization/Abhishek/web-classranker/classranker/vendor/laravel/framework/src/Illuminate/Session/Middleware/StartSession.php(121): Illuminate\\Pipeline\\Pipeline->Illuminate\\Pipeline\\{closure}()
#35 /home/anmol/www/html/Customization/Abhishek/web-classranker/classranker/vendor/laravel/framework/src/Illuminate/Session/Middleware/StartSession.php(64): Illuminate\\Session\\Middleware\\StartSession->handleStatefulRequest()
#36 /home/anmol/www/html/Customization/Abhishek/web-classranker/classranker/vendor/laravel/framework/src/Illuminate/Pipeline/Pipeline.php(209): Illuminate\\Session\\Middleware\\StartSession->handle()
#37 /home/anmol/www/html/Customization/Abhishek/web-classranker/classranker/vendor/laravel/framework/src/Illuminate/Cookie/Middleware/AddQueuedCookiesToResponse.php(37): Illuminate\\Pipeline\\Pipeline->Illuminate\\Pipeline\\{closure}()
#38 /home/anmol/www/html/Customization/Abhishek/web-classranker/classranker/vendor/laravel/framework/src/Illuminate/Pipeline/Pipeline.php(209): Illuminate\\Cookie\\Middleware\\AddQueuedCookiesToResponse->handle()
#39 /home/anmol/www/html/Customization/Abhishek/web-classranker/classranker/vendor/laravel/framework/src/Illuminate/Cookie/Middleware/EncryptCookies.php(75): Illuminate\\Pipeline\\Pipeline->Illuminate\\Pipeline\\{closure}()
#40 /home/anmol/www/html/Customization/Abhishek/web-classranker/classranker/vendor/laravel/framework/src/Illuminate/Pipeline/Pipeline.php(209): Illuminate\\Cookie\\Middleware\\EncryptCookies->handle()
#41 /home/anmol/www/html/Customization/Abhishek/web-classranker/classranker/vendor/laravel/framework/src/Illuminate/Pipeline/Pipeline.php(127): Illuminate\\Pipeline\\Pipeline->Illuminate\\Pipeline\\{closure}()
#42 /home/anmol/www/html/Customization/Abhishek/web-classranker/classranker/vendor/laravel/framework/src/Illuminate/Routing/Router.php(807): Illuminate\\Pipeline\\Pipeline->then()
#43 /home/anmol/www/html/Customization/Abhishek/web-classranker/classranker/vendor/laravel/framework/src/Illuminate/Routing/Router.php(786): Illuminate\\Routing\\Router->runRouteWithinStack()
#44 /home/anmol/www/html/Customization/Abhishek/web-classranker/classranker/vendor/laravel/framework/src/Illuminate/Routing/Router.php(750): Illuminate\\Routing\\Router->runRoute()
#45 /home/anmol/www/html/Customization/Abhishek/web-classranker/classranker/vendor/laravel/framework/src/Illuminate/Routing/Router.php(739): Illuminate\\Routing\\Router->dispatchToRoute()
#46 /home/anmol/www/html/Customization/Abhishek/web-classranker/classranker/vendor/laravel/framework/src/Illuminate/Foundation/Http/Kernel.php(201): Illuminate\\Routing\\Router->dispatch()
#47 /home/anmol/www/html/Customization/Abhishek/web-classranker/classranker/vendor/laravel/framework/src/Illuminate/Pipeline/Pipeline.php(170): Illuminate\\Foundation\\Http\\Kernel->Illuminate\\Foundation\\Http\\{closure}()
#48 /home/anmol/www/html/Customization/Abhishek/web-classranker/classranker/vendor/barryvdh/laravel-debugbar/src/Middleware/InjectDebugbar.php(66): Illuminate\\Pipeline\\Pipeline->Illuminate\\Pipeline\\{closure}()
#49 /home/anmol/www/html/Customization/Abhishek/web-classranker/classranker/vendor/laravel/framework/src/Illuminate/Pipeline/Pipeline.php(209): Barryvdh\\Debugbar\\Middleware\\InjectDebugbar->handle()
#50 /home/anmol/www/html/Customization/Abhishek/web-classranker/classranker/packages/Webkul/Installer/src/Http/Middleware/CanInstall.php(36): Illuminate\\Pipeline\\Pipeline->Illuminate\\Pipeline\\{closure}()
#51 /home/anmol/www/html/Customization/Abhishek/web-classranker/classranker/vendor/laravel/framework/src/Illuminate/Pipeline/Pipeline.php(209): Webkul\\Installer\\Http\\Middleware\\CanInstall->handle()
#52 /home/anmol/www/html/Customization/Abhishek/web-classranker/classranker/packages/Webkul/Core/src/Http/Middleware/SecureHeaders.php(26): Illuminate\\Pipeline\\Pipeline->Illuminate\\Pipeline\\{closure}()
#53 /home/anmol/www/html/Customization/Abhishek/web-classranker/classranker/vendor/laravel/framework/src/Illuminate/Pipeline/Pipeline.php(209): Webkul\\Core\\Http\\Middleware\\SecureHeaders->handle()
#54 /home/anmol/www/html/Customization/Abhishek/web-classranker/classranker/vendor/laravel/framework/src/Illuminate/Foundation/Http/Middleware/TransformsRequest.php(21): Illuminate\\Pipeline\\Pipeline->Illuminate\\Pipeline\\{closure}()
#55 /home/anmol/www/html/Customization/Abhishek/web-classranker/classranker/vendor/laravel/framework/src/Illuminate/Foundation/Http/Middleware/TrimStrings.php(51): Illuminate\\Foundation\\Http\\Middleware\\TransformsRequest->handle()
#56 /home/anmol/www/html/Customization/Abhishek/web-classranker/classranker/vendor/laravel/framework/src/Illuminate/Pipeline/Pipeline.php(209): Illuminate\\Foundation\\Http\\Middleware\\TrimStrings->handle()
#57 /home/anmol/www/html/Customization/Abhishek/web-classranker/classranker/vendor/laravel/framework/src/Illuminate/Http/Middleware/ValidatePostSize.php(27): Illuminate\\Pipeline\\Pipeline->Illuminate\\Pipeline\\{closure}()
#58 /home/anmol/www/html/Customization/Abhishek/web-classranker/classranker/vendor/laravel/framework/src/Illuminate/Pipeline/Pipeline.php(209): Illuminate\\Http\\Middleware\\ValidatePostSize->handle()
#59 /home/anmol/www/html/Customization/Abhishek/web-classranker/classranker/vendor/laravel/framework/src/Illuminate/Http/Middleware/HandleCors.php(49): Illuminate\\Pipeline\\Pipeline->Illuminate\\Pipeline\\{closure}()
#60 /home/anmol/www/html/Customization/Abhishek/web-classranker/classranker/vendor/laravel/framework/src/Illuminate/Pipeline/Pipeline.php(209): Illuminate\\Http\\Middleware\\HandleCors->handle()
#61 /home/anmol/www/html/Customization/Abhishek/web-classranker/classranker/vendor/laravel/framework/src/Illuminate/Http/Middleware/TrustProxies.php(58): Illuminate\\Pipeline\\Pipeline->Illuminate\\Pipeline\\{closure}()
#62 /home/anmol/www/html/Customization/Abhishek/web-classranker/classranker/vendor/laravel/framework/src/Illuminate/Pipeline/Pipeline.php(209): Illuminate\\Http\\Middleware\\TrustProxies->handle()
#63 /home/anmol/www/html/Customization/Abhishek/web-classranker/classranker/vendor/laravel/framework/src/Illuminate/Foundation/Http/Middleware/InvokeDeferredCallbacks.php(22): Illuminate\\Pipeline\\Pipeline->Illuminate\\Pipeline\\{closure}()
#64 /home/anmol/www/html/Customization/Abhishek/web-classranker/classranker/vendor/laravel/framework/src/Illuminate/Pipeline/Pipeline.php(209): Illuminate\\Foundation\\Http\\Middleware\\InvokeDeferredCallbacks->handle()
#65 /home/anmol/www/html/Customization/Abhishek/web-classranker/classranker/vendor/laravel/framework/src/Illuminate/Pipeline/Pipeline.php(127): Illuminate\\Pipeline\\Pipeline->Illuminate\\Pipeline\\{closure}()
#66 /home/anmol/www/html/Customization/Abhishek/web-classranker/classranker/vendor/laravel/framework/src/Illuminate/Foundation/Http/Kernel.php(176): Illuminate\\Pipeline\\Pipeline->then()
#67 /home/anmol/www/html/Customization/Abhishek/web-classranker/classranker/vendor/laravel/framework/src/Illuminate/Foundation/Http/Kernel.php(145): Illuminate\\Foundation\\Http\\Kernel->sendRequestThroughRouter()
#68 /home/anmol/www/html/Customization/Abhishek/web-classranker/classranker/public/index.php(51): Illuminate\\Foundation\\Http\\Kernel->handle()
#69 {main}

[previous exception] [object] (PDOException(code: 42S22): SQLSTATE[42S22]: Column not found: 1054 Unknown column 'chapters.chapter_id' in 'on clause' at /home/anmol/www/html/Customization/Abhishek/web-classranker/classranker/vendor/laravel/framework/src/Illuminate/Database/Connection.php:407)
[stacktrace]
#0 /home/anmol/www/html/Customization/Abhishek/web-classranker/classranker/vendor/laravel/framework/src/Illuminate/Database/Connection.php(407): PDO->prepare()
#1 /home/anmol/www/html/Customization/Abhishek/web-classranker/classranker/vendor/laravel/framework/src/Illuminate/Database/Connection.php(812): Illuminate\\Database\\Connection->Illuminate\\Database\\{closure}()
#2 /home/anmol/www/html/Customization/Abhishek/web-classranker/classranker/vendor/laravel/framework/src/Illuminate/Database/Connection.php(779): Illuminate\\Database\\Connection->runQueryCallback()
#3 /home/anmol/www/html/Customization/Abhishek/web-classranker/classranker/vendor/laravel/framework/src/Illuminate/Database/Connection.php(398): Illuminate\\Database\\Connection->run()
#4 /home/anmol/www/html/Customization/Abhishek/web-classranker/classranker/vendor/laravel/framework/src/Illuminate/Database/Query/Builder.php(3106): Illuminate\\Database\\Connection->select()
#5 /home/anmol/www/html/Customization/Abhishek/web-classranker/classranker/vendor/laravel/framework/src/Illuminate/Database/Query/Builder.php(3091): Illuminate\\Database\\Query\\Builder->runSelect()
#6 /home/anmol/www/html/Customization/Abhishek/web-classranker/classranker/vendor/laravel/framework/src/Illuminate/Database/Query/Builder.php(3676): Illuminate\\Database\\Query\\Builder->Illuminate\\Database\\Query\\{closure}()
#7 /home/anmol/www/html/Customization/Abhishek/web-classranker/classranker/vendor/laravel/framework/src/Illuminate/Database/Query/Builder.php(3090): Illuminate\\Database\\Query\\Builder->onceWithColumns()
#8 /home/anmol/www/html/Customization/Abhishek/web-classranker/classranker/vendor/laravel/framework/src/Illuminate/Database/Query/Builder.php(3285): Illuminate\\Database\\Query\\Builder->get()
#9 /home/anmol/www/html/Customization/Abhishek/web-classranker/classranker/vendor/laravel/framework/src/Illuminate/Database/Query/Builder.php(3244): Illuminate\\Database\\Query\\Builder->runPaginationCountQuery()
#10 /home/anmol/www/html/Customization/Abhishek/web-classranker/classranker/vendor/laravel/framework/src/Illuminate/Database/Query/Builder.php(3151): Illuminate\\Database\\Query\\Builder->getCountForPagination()
#11 /home/anmol/www/html/Customization/Abhishek/web-classranker/classranker/packages/Webkul/DataGrid/src/DataGrid.php(513): Illuminate\\Database\\Query\\Builder->paginate()
#12 /home/anmol/www/html/Customization/Abhishek/web-classranker/classranker/packages/Webkul/DataGrid/src/DataGrid.php(561): Webkul\\DataGrid\\DataGrid->processRequestedPagination()
#13 /home/anmol/www/html/Customization/Abhishek/web-classranker/classranker/packages/Webkul/DataGrid/src/DataGrid.php(737): Webkul\\DataGrid\\DataGrid->processRequest()
#14 /home/anmol/www/html/Customization/Abhishek/web-classranker/classranker/packages/Webkul/DataGrid/src/DataGrid.php(419): Webkul\\DataGrid\\DataGrid->prepare()
#15 /home/anmol/www/html/Customization/Abhishek/web-classranker/classranker/packages/CustomFeature/Question/src/Http/Controllers/QuestionController.php(28): Webkul\\DataGrid\\DataGrid->process()
#16 /home/anmol/www/html/Customization/Abhishek/web-classranker/classranker/vendor/laravel/framework/src/Illuminate/Routing/Controller.php(54): CustomFeature\\Question\\Http\\Controllers\\QuestionController->index()
#17 /home/anmol/www/html/Customization/Abhishek/web-classranker/classranker/vendor/laravel/framework/src/Illuminate/Routing/ControllerDispatcher.php(44): Illuminate\\Routing\\Controller->callAction()
#18 /home/anmol/www/html/Customization/Abhishek/web-classranker/classranker/vendor/laravel/framework/src/Illuminate/Routing/Route.php(266): Illuminate\\Routing\\ControllerDispatcher->dispatch()
#19 /home/anmol/www/html/Customization/Abhishek/web-classranker/classranker/vendor/laravel/framework/src/Illuminate/Routing/Route.php(212): Illuminate\\Routing\\Route->runController()
#20 /home/anmol/www/html/Customization/Abhishek/web-classranker/classranker/vendor/laravel/framework/src/Illuminate/Routing/Router.php(808): Illuminate\\Routing\\Route->run()
#21 /home/anmol/www/html/Customization/Abhishek/web-classranker/classranker/vendor/laravel/framework/src/Illuminate/Pipeline/Pipeline.php(170): Illuminate\\Routing\\Router->Illuminate\\Routing\\{closure}()
#22 /home/anmol/www/html/Customization/Abhishek/web-classranker/classranker/packages/Webkul/Core/src/Http/Middleware/NoCacheMiddleware.php(17): Illuminate\\Pipeline\\Pipeline->Illuminate\\Pipeline\\{closure}()
#23 /home/anmol/www/html/Customization/Abhishek/web-classranker/classranker/vendor/laravel/framework/src/Illuminate/Pipeline/Pipeline.php(209): Webkul\\Core\\Http\\Middleware\\NoCacheMiddleware->handle()
#24 /home/anmol/www/html/Customization/Abhishek/web-classranker/classranker/packages/Webkul/User/src/Http/Middleware/Bouncer.php(44): Illuminate\\Pipeline\\Pipeline->Illuminate\\Pipeline\\{closure}()
#25 /home/anmol/www/html/Customization/Abhishek/web-classranker/classranker/vendor/laravel/framework/src/Illuminate/Pipeline/Pipeline.php(209): Webkul\\User\\Http\\Middleware\\Bouncer->handle()
#26 /home/anmol/www/html/Customization/Abhishek/web-classranker/classranker/packages/Webkul/Core/src/Http/Middleware/PreventRequestsDuringMaintenance.php(73): Illuminate\\Pipeline\\Pipeline->Illuminate\\Pipeline\\{closure}()
#27 /home/anmol/www/html/Customization/Abhishek/web-classranker/classranker/vendor/laravel/framework/src/Illuminate/Pipeline/Pipeline.php(209): Webkul\\Core\\Http\\Middleware\\PreventRequestsDuringMaintenance->handle()
#28 /home/anmol/www/html/Customization/Abhishek/web-classranker/classranker/vendor/barryvdh/laravel-debugbar/src/Middleware/InjectDebugbar.php(66): Illuminate\\Pipeline\\Pipeline->Illuminate\\Pipeline\\{closure}()
#29 /home/anmol/www/html/Customization/Abhishek/web-classranker/classranker/vendor/laravel/framework/src/Illuminate/Pipeline/Pipeline.php(209): Barryvdh\\Debugbar\\Middleware\\InjectDebugbar->handle()
#30 /home/anmol/www/html/Customization/Abhishek/web-classranker/classranker/vendor/laravel/framework/src/Illuminate/Routing/Middleware/SubstituteBindings.php(51): Illuminate\\Pipeline\\Pipeline->Illuminate\\Pipeline\\{closure}()
#31 /home/anmol/www/html/Customization/Abhishek/web-classranker/classranker/vendor/laravel/framework/src/Illuminate/Pipeline/Pipeline.php(209): Illuminate\\Routing\\Middleware\\SubstituteBindings->handle()
#32 /home/anmol/www/html/Customization/Abhishek/web-classranker/classranker/vendor/laravel/framework/src/Illuminate/Foundation/Http/Middleware/VerifyCsrfToken.php(88): Illuminate\\Pipeline\\Pipeline->Illuminate\\Pipeline\\{closure}()
#33 /home/anmol/www/html/Customization/Abhishek/web-classranker/classranker/vendor/laravel/framework/src/Illuminate/Pipeline/Pipeline.php(209): Illuminate\\Foundation\\Http\\Middleware\\VerifyCsrfToken->handle()
#34 /home/anmol/www/html/Customization/Abhishek/web-classranker/classranker/vendor/laravel/framework/src/Illuminate/View/Middleware/ShareErrorsFromSession.php(49): Illuminate\\Pipeline\\Pipeline->Illuminate\\Pipeline\\{closure}()
#35 /home/anmol/www/html/Customization/Abhishek/web-classranker/classranker/vendor/laravel/framework/src/Illuminate/Pipeline/Pipeline.php(209): Illuminate\\View\\Middleware\\ShareErrorsFromSession->handle()
#36 /home/anmol/www/html/Customization/Abhishek/web-classranker/classranker/vendor/laravel/framework/src/Illuminate/Session/Middleware/StartSession.php(121): Illuminate\\Pipeline\\Pipeline->Illuminate\\Pipeline\\{closure}()
#37 /home/anmol/www/html/Customization/Abhishek/web-classranker/classranker/vendor/laravel/framework/src/Illuminate/Session/Middleware/StartSession.php(64): Illuminate\\Session\\Middleware\\StartSession->handleStatefulRequest()
#38 /home/anmol/www/html/Customization/Abhishek/web-classranker/classranker/vendor/laravel/framework/src/Illuminate/Pipeline/Pipeline.php(209): Illuminate\\Session\\Middleware\\StartSession->handle()
#39 /home/anmol/www/html/Customization/Abhishek/web-classranker/classranker/vendor/laravel/framework/src/Illuminate/Cookie/Middleware/AddQueuedCookiesToResponse.php(37): Illuminate\\Pipeline\\Pipeline->Illuminate\\Pipeline\\{closure}()
#40 /home/anmol/www/html/Customization/Abhishek/web-classranker/classranker/vendor/laravel/framework/src/Illuminate/Pipeline/Pipeline.php(209): Illuminate\\Cookie\\Middleware\\AddQueuedCookiesToResponse->handle()
#41 /home/anmol/www/html/Customization/Abhishek/web-classranker/classranker/vendor/laravel/framework/src/Illuminate/Cookie/Middleware/EncryptCookies.php(75): Illuminate\\Pipeline\\Pipeline->Illuminate\\Pipeline\\{closure}()
#42 /home/anmol/www/html/Customization/Abhishek/web-classranker/classranker/vendor/laravel/framework/src/Illuminate/Pipeline/Pipeline.php(209): Illuminate\\Cookie\\Middleware\\EncryptCookies->handle()
#43 /home/anmol/www/html/Customization/Abhishek/web-classranker/classranker/vendor/laravel/framework/src/Illuminate/Pipeline/Pipeline.php(127): Illuminate\\Pipeline\\Pipeline->Illuminate\\Pipeline\\{closure}()
#44 /home/anmol/www/html/Customization/Abhishek/web-classranker/classranker/vendor/laravel/framework/src/Illuminate/Routing/Router.php(807): Illuminate\\Pipeline\\Pipeline->then()
#45 /home/anmol/www/html/Customization/Abhishek/web-classranker/classranker/vendor/laravel/framework/src/Illuminate/Routing/Router.php(786): Illuminate\\Routing\\Router->runRouteWithinStack()
#46 /home/anmol/www/html/Customization/Abhishek/web-classranker/classranker/vendor/laravel/framework/src/Illuminate/Routing/Router.php(750): Illuminate\\Routing\\Router->runRoute()
#47 /home/anmol/www/html/Customization/Abhishek/web-classranker/classranker/vendor/laravel/framework/src/Illuminate/Routing/Router.php(739): Illuminate\\Routing\\Router->dispatchToRoute()
#48 /home/anmol/www/html/Customization/Abhishek/web-classranker/classranker/vendor/laravel/framework/src/Illuminate/Foundation/Http/Kernel.php(201): Illuminate\\Routing\\Router->dispatch()
#49 /home/anmol/www/html/Customization/Abhishek/web-classranker/classranker/vendor/laravel/framework/src/Illuminate/Pipeline/Pipeline.php(170): Illuminate\\Foundation\\Http\\Kernel->Illuminate\\Foundation\\Http\\{closure}()
#50 /home/anmol/www/html/Customization/Abhishek/web-classranker/classranker/vendor/barryvdh/laravel-debugbar/src/Middleware/InjectDebugbar.php(66): Illuminate\\Pipeline\\Pipeline->Illuminate\\Pipeline\\{closure}()
#51 /home/anmol/www/html/Customization/Abhishek/web-classranker/classranker/vendor/laravel/framework/src/Illuminate/Pipeline/Pipeline.php(209): Barryvdh\\Debugbar\\Middleware\\InjectDebugbar->handle()
#52 /home/anmol/www/html/Customization/Abhishek/web-classranker/classranker/packages/Webkul/Installer/src/Http/Middleware/CanInstall.php(36): Illuminate\\Pipeline\\Pipeline->Illuminate\\Pipeline\\{closure}()
#53 /home/anmol/www/html/Customization/Abhishek/web-classranker/classranker/vendor/laravel/framework/src/Illuminate/Pipeline/Pipeline.php(209): Webkul\\Installer\\Http\\Middleware\\CanInstall->handle()
#54 /home/anmol/www/html/Customization/Abhishek/web-classranker/classranker/packages/Webkul/Core/src/Http/Middleware/SecureHeaders.php(26): Illuminate\\Pipeline\\Pipeline->Illuminate\\Pipeline\\{closure}()
#55 /home/anmol/www/html/Customization/Abhishek/web-classranker/classranker/vendor/laravel/framework/src/Illuminate/Pipeline/Pipeline.php(209): Webkul\\Core\\Http\\Middleware\\SecureHeaders->handle()
#56 /home/anmol/www/html/Customization/Abhishek/web-classranker/classranker/vendor/laravel/framework/src/Illuminate/Foundation/Http/Middleware/TransformsRequest.php(21): Illuminate\\Pipeline\\Pipeline->Illuminate\\Pipeline\\{closure}()
#57 /home/anmol/www/html/Customization/Abhishek/web-classranker/classranker/vendor/laravel/framework/src/Illuminate/Foundation/Http/Middleware/TrimStrings.php(51): Illuminate\\Foundation\\Http\\Middleware\\TransformsRequest->handle()
#58 /home/anmol/www/html/Customization/Abhishek/web-classranker/classranker/vendor/laravel/framework/src/Illuminate/Pipeline/Pipeline.php(209): Illuminate\\Foundation\\Http\\Middleware\\TrimStrings->handle()
#59 /home/anmol/www/html/Customization/Abhishek/web-classranker/classranker/vendor/laravel/framework/src/Illuminate/Http/Middleware/ValidatePostSize.php(27): Illuminate\\Pipeline\\Pipeline->Illuminate\\Pipeline\\{closure}()
#60 /home/anmol/www/html/Customization/Abhishek/web-classranker/classranker/vendor/laravel/framework/src/Illuminate/Pipeline/Pipeline.php(209): Illuminate\\Http\\Middleware\\ValidatePostSize->handle()
#61 /home/anmol/www/html/Customization/Abhishek/web-classranker/classranker/vendor/laravel/framework/src/Illuminate/Http/Middleware/HandleCors.php(49): Illuminate\\Pipeline\\Pipeline->Illuminate\\Pipeline\\{closure}()
#62 /home/anmol/www/html/Customization/Abhishek/web-classranker/classranker/vendor/laravel/framework/src/Illuminate/Pipeline/Pipeline.php(209): Illuminate\\Http\\Middleware\\HandleCors->handle()
#63 /home/anmol/www/html/Customization/Abhishek/web-classranker/classranker/vendor/laravel/framework/src/Illuminate/Http/Middleware/TrustProxies.php(58): Illuminate\\Pipeline\\Pipeline->Illuminate\\Pipeline\\{closure}()
#64 /home/anmol/www/html/Customization/Abhishek/web-classranker/classranker/vendor/laravel/framework/src/Illuminate/Pipeline/Pipeline.php(209): Illuminate\\Http\\Middleware\\TrustProxies->handle()
#65 /home/anmol/www/html/Customization/Abhishek/web-classranker/classranker/vendor/laravel/framework/src/Illuminate/Foundation/Http/Middleware/InvokeDeferredCallbacks.php(22): Illuminate\\Pipeline\\Pipeline->Illuminate\\Pipeline\\{closure}()
#66 /home/anmol/www/html/Customization/Abhishek/web-classranker/classranker/vendor/laravel/framework/src/Illuminate/Pipeline/Pipeline.php(209): Illuminate\\Foundation\\Http\\Middleware\\InvokeDeferredCallbacks->handle()
#67 /home/anmol/www/html/Customization/Abhishek/web-classranker/classranker/vendor/laravel/framework/src/Illuminate/Pipeline/Pipeline.php(127): Illuminate\\Pipeline\\Pipeline->Illuminate\\Pipeline\\{closure}()
#68 /home/anmol/www/html/Customization/Abhishek/web-classranker/classranker/vendor/laravel/framework/src/Illuminate/Foundation/Http/Kernel.php(176): Illuminate\\Pipeline\\Pipeline->then()
#69 /home/anmol/www/html/Customization/Abhishek/web-classranker/classranker/vendor/laravel/framework/src/Illuminate/Foundation/Http/Kernel.php(145): Illuminate\\Foundation\\Http\\Kernel->sendRequestThroughRouter()
#70 /home/anmol/www/html/Customization/Abhishek/web-classranker/classranker/public/index.php(51): Illuminate\\Foundation\\Http\\Kernel->handle()
#71 {main}
"} 
[2026-02-26 01:14:16] local.ERROR: Undefined variable $queryBuilder {"exception":"[object] (ErrorException(code: 0): Undefined variable $queryBuilder at /home/anmol/www/html/Customization/Abhishek/web-classranker/classranker/packages/CustomFeature/Question/src/DataGrids/QuestionDataGrid.php:17)
[stacktrace]
#0 /home/anmol/www/html/Customization/Abhishek/web-classranker/classranker/vendor/laravel/framework/src/Illuminate/Foundation/Bootstrap/HandleExceptions.php(256): Illuminate\\Foundation\\Bootstrap\\HandleExceptions->handleError()
#1 /home/anmol/www/html/Customization/Abhishek/web-classranker/classranker/packages/CustomFeature/Question/src/DataGrids/QuestionDataGrid.php(17): Illuminate\\Foundation\\Bootstrap\\HandleExceptions->Illuminate\\Foundation\\Bootstrap\\{closure}()
#2 /home/anmol/www/html/Customization/Abhishek/web-classranker/classranker/packages/Webkul/DataGrid/src/DataGrid.php(730): CustomFeature\\Question\\DataGrids\\QuestionDataGrid->prepareQueryBuilder()
#3 /home/anmol/www/html/Customization/Abhishek/web-classranker/classranker/packages/Webkul/DataGrid/src/DataGrid.php(419): Webkul\\DataGrid\\DataGrid->prepare()
#4 /home/anmol/www/html/Customization/Abhishek/web-classranker/classranker/packages/CustomFeature/Question/src/Http/Controllers/QuestionController.php(28): Webkul\\DataGrid\\DataGrid->process()
#5 /home/anmol/www/html/Customization/Abhishek/web-classranker/classranker/vendor/laravel/framework/src/Illuminate/Routing/Controller.php(54): CustomFeature\\Question\\Http\\Controllers\\QuestionController->index()
#6 /home/anmol/www/html/Customization/Abhishek/web-classranker/classranker/vendor/laravel/framework/src/Illuminate/Routing/ControllerDispatcher.php(44): Illuminate\\Routing\\Controller->callAction()
#7 /home/anmol/www/html/Customization/Abhishek/web-classranker/classranker/vendor/laravel/framework/src/Illuminate/Routing/Route.php(266): Illuminate\\Routing\\ControllerDispatcher->dispatch()
#8 /home/anmol/www/html/Customization/Abhishek/web-classranker/classranker/vendor/laravel/framework/src/Illuminate/Routing/Route.php(212): Illuminate\\Routing\\Route->runController()
#9 /home/anmol/www/html/Customization/Abhishek/web-classranker/classranker/vendor/laravel/framework/src/Illuminate/Routing/Router.php(808): Illuminate\\Routing\\Route->run()
#10 /home/anmol/www/html/Customization/Abhishek/web-classranker/classranker/vendor/laravel/framework/src/Illuminate/Pipeline/Pipeline.php(170): Illuminate\\Routing\\Router->Illuminate\\Routing\\{closure}()
#11 /home/anmol/www/html/Customization/Abhishek/web-classranker/classranker/packages/Webkul/Core/src/Http/Middleware/NoCacheMiddleware.php(17): Illuminate\\Pipeline\\Pipeline->Illuminate\\Pipeline\\{closure}()
#12 /home/anmol/www/html/Customization/Abhishek/web-classranker/classranker/vendor/laravel/framework/src/Illuminate/Pipeline/Pipeline.php(209): Webkul\\Core\\Http\\Middleware\\NoCacheMiddleware->handle()
#13 /home/anmol/www/html/Customization/Abhishek/web-classranker/classranker/packages/Webkul/User/src/Http/Middleware/Bouncer.php(44): Illuminate\\Pipeline\\Pipeline->Illuminate\\Pipeline\\{closure}()
#14 /home/anmol/www/html/Customization/Abhishek/web-classranker/classranker/vendor/laravel/framework/src/Illuminate/Pipeline/Pipeline.php(209): Webkul\\User\\Http\\Middleware\\Bouncer->handle()
#15 /home/anmol/www/html/Customization/Abhishek/web-classranker/classranker/packages/Webkul/Core/src/Http/Middleware/PreventRequestsDuringMaintenance.php(73): Illuminate\\Pipeline\\Pipeline->Illuminate\\Pipeline\\{closure}()
#16 /home/anmol/www/html/Customization/Abhishek/web-classranker/classranker/vendor/laravel/framework/src/Illuminate/Pipeline/Pipeline.php(209): Webkul\\Core\\Http\\Middleware\\PreventRequestsDuringMaintenance->handle()
#17 /home/anmol/www/html/Customization/Abhishek/web-classranker/classranker/vendor/barryvdh/laravel-debugbar/src/Middleware/InjectDebugbar.php(66): Illuminate\\Pipeline\\Pipeline->Illuminate\\Pipeline\\{closure}()
#18 /home/anmol/www/html/Customization/Abhishek/web-classranker/classranker/vendor/laravel/framework/src/Illuminate/Pipeline/Pipeline.php(209): Barryvdh\\Debugbar\\Middleware\\InjectDebugbar->handle()
#19 /home/anmol/www/html/Customization/Abhishek/web-classranker/classranker/vendor/laravel/framework/src/Illuminate/Routing/Middleware/SubstituteBindings.php(51): Illuminate\\Pipeline\\Pipeline->Illuminate\\Pipeline\\{closure}()
#20 /home/anmol/www/html/Customization/Abhishek/web-classranker/classranker/vendor/laravel/framework/src/Illuminate/Pipeline/Pipeline.php(209): Illuminate\\Routing\\Middleware\\SubstituteBindings->handle()
#21 /home/anmol/www/html/Customization/Abhishek/web-classranker/classranker/vendor/laravel/framework/src/Illuminate/Foundation/Http/Middleware/VerifyCsrfToken.php(88): Illuminate\\Pipeline\\Pipeline->Illuminate\\Pipeline\\{closure}()
#22 /home/anmol/www/html/Customization/Abhishek/web-classranker/classranker/vendor/laravel/framework/src/Illuminate/Pipeline/Pipeline.php(209): Illuminate\\Foundation\\Http\\Middleware\\VerifyCsrfToken->handle()
#23 /home/anmol/www/html/Customization/Abhishek/web-classranker/classranker/vendor/laravel/framework/src/Illuminate/View/Middleware/ShareErrorsFromSession.php(49): Illuminate\\Pipeline\\Pipeline->Illuminate\\Pipeline\\{closure}()
#24 /home/anmol/www/html/Customization/Abhishek/web-classranker/classranker/vendor/laravel/framework/src/Illuminate/Pipeline/Pipeline.php(209): Illuminate\\View\\Middleware\\ShareErrorsFromSession->handle()
#25 /home/anmol/www/html/Customization/Abhishek/web-classranker/classranker/vendor/laravel/framework/src/Illuminate/Session/Middleware/StartSession.php(121): Illuminate\\Pipeline\\Pipeline->Illuminate\\Pipeline\\{closure}()
#26 /home/anmol/www/html/Customization/Abhishek/web-classranker/classranker/vendor/laravel/framework/src/Illuminate/Session/Middleware/StartSession.php(64): Illuminate\\Session\\Middleware\\StartSession->handleStatefulRequest()
#27 /home/anmol/www/html/Customization/Abhishek/web-classranker/classranker/vendor/laravel/framework/src/Illuminate/Pipeline/Pipeline.php(209): Illuminate\\Session\\Middleware\\StartSession->handle()
#28 /home/anmol/www/html/Customization/Abhishek/web-classranker/classranker/vendor/laravel/framework/src/Illuminate/Cookie/Middleware/AddQueuedCookiesToResponse.php(37): Illuminate\\Pipeline\\Pipeline->Illuminate\\Pipeline\\{closure}()
#29 /home/anmol/www/html/Customization/Abhishek/web-classranker/classranker/vendor/laravel/framework/src/Illuminate/Pipeline/Pipeline.php(209): Illuminate\\Cookie\\Middleware\\AddQueuedCookiesToResponse->handle()
#30 /home/anmol/www/html/Customization/Abhishek/web-classranker/classranker/vendor/laravel/framework/src/Illuminate/Cookie/Middleware/EncryptCookies.php(75): Illuminate\\Pipeline\\Pipeline->Illuminate\\Pipeline\\{closure}()
#31 /home/anmol/www/html/Customization/Abhishek/web-classranker/classranker/vendor/laravel/framework/src/Illuminate/Pipeline/Pipeline.php(209): Illuminate\\Cookie\\Middleware\\EncryptCookies->handle()
#32 /home/anmol/www/html/Customization/Abhishek/web-classranker/classranker/vendor/laravel/framework/src/Illuminate/Pipeline/Pipeline.php(127): Illuminate\\Pipeline\\Pipeline->Illuminate\\Pipeline\\{closure}()
#33 /home/anmol/www/html/Customization/Abhishek/web-classranker/classranker/vendor/laravel/framework/src/Illuminate/Routing/Router.php(807): Illuminate\\Pipeline\\Pipeline->then()
#34 /home/anmol/www/html/Customization/Abhishek/web-classranker/classranker/vendor/laravel/framework/src/Illuminate/Routing/Router.php(786): Illuminate\\Routing\\Router->runRouteWithinStack()
#35 /home/anmol/www/html/Customization/Abhishek/web-classranker/classranker/vendor/laravel/framework/src/Illuminate/Routing/Router.php(750): Illuminate\\Routing\\Router->runRoute()
#36 /home/anmol/www/html/Customization/Abhishek/web-classranker/classranker/vendor/laravel/framework/src/Illuminate/Routing/Router.php(739): Illuminate\\Routing\\Router->dispatchToRoute()
#37 /home/anmol/www/html/Customization/Abhishek/web-classranker/classranker/vendor/laravel/framework/src/Illuminate/Foundation/Http/Kernel.php(201): Illuminate\\Routing\\Router->dispatch()
#38 /home/anmol/www/html/Customization/Abhishek/web-classranker/classranker/vendor/laravel/framework/src/Illuminate/Pipeline/Pipeline.php(170): Illuminate\\Foundation\\Http\\Kernel->Illuminate\\Foundation\\Http\\{closure}()
#39 /home/anmol/www/html/Customization/Abhishek/web-classranker/classranker/vendor/barryvdh/laravel-debugbar/src/Middleware/InjectDebugbar.php(66): Illuminate\\Pipeline\\Pipeline->Illuminate\\Pipeline\\{closure}()
#40 /home/anmol/www/html/Customization/Abhishek/web-classranker/classranker/vendor/laravel/framework/src/Illuminate/Pipeline/Pipeline.php(209): Barryvdh\\Debugbar\\Middleware\\InjectDebugbar->handle()
#41 /home/anmol/www/html/Customization/Abhishek/web-classranker/classranker/packages/Webkul/Installer/src/Http/Middleware/CanInstall.php(36): Illuminate\\Pipeline\\Pipeline->Illuminate\\Pipeline\\{closure}()
#42 /home/anmol/www/html/Customization/Abhishek/web-classranker/classranker/vendor/laravel/framework/src/Illuminate/Pipeline/Pipeline.php(209): Webkul\\Installer\\Http\\Middleware\\CanInstall->handle()
#43 /home/anmol/www/html/Customization/Abhishek/web-classranker/classranker/packages/Webkul/Core/src/Http/Middleware/SecureHeaders.php(26): Illuminate\\Pipeline\\Pipeline->Illuminate\\Pipeline\\{closure}()
#44 /home/anmol/www/html/Customization/Abhishek/web-classranker/classranker/vendor/laravel/framework/src/Illuminate/Pipeline/Pipeline.php(209): Webkul\\Core\\Http\\Middleware\\SecureHeaders->handle()
#45 /home/anmol/www/html/Customization/Abhishek/web-classranker/classranker/vendor/laravel/framework/src/Illuminate/Foundation/Http/Middleware/TransformsRequest.php(21): Illuminate\\Pipeline\\Pipeline->Illuminate\\Pipeline\\{closure}()
#46 /home/anmol/www/html/Customization/Abhishek/web-classranker/classranker/vendor/laravel/framework/src/Illuminate/Foundation/Http/Middleware/TrimStrings.php(51): Illuminate\\Foundation\\Http\\Middleware\\TransformsRequest->handle()
#47 /home/anmol/www/html/Customization/Abhishek/web-classranker/classranker/vendor/laravel/framework/src/Illuminate/Pipeline/Pipeline.php(209): Illuminate\\Foundation\\Http\\Middleware\\TrimStrings->handle()
#48 /home/anmol/www/html/Customization/Abhishek/web-classranker/classranker/vendor/laravel/framework/src/Illuminate/Http/Middleware/ValidatePostSize.php(27): Illuminate\\Pipeline\\Pipeline->Illuminate\\Pipeline\\{closure}()
#49 /home/anmol/www/html/Customization/Abhishek/web-classranker/classranker/vendor/laravel/framework/src/Illuminate/Pipeline/Pipeline.php(209): Illuminate\\Http\\Middleware\\ValidatePostSize->handle()
#50 /home/anmol/www/html/Customization/Abhishek/web-classranker/classranker/vendor/laravel/framework/src/Illuminate/Http/Middleware/HandleCors.php(49): Illuminate\\Pipeline\\Pipeline->Illuminate\\Pipeline\\{closure}()
#51 /home/anmol/www/html/Customization/Abhishek/web-classranker/classranker/vendor/laravel/framework/src/Illuminate/Pipeline/Pipeline.php(209): Illuminate\\Http\\Middleware\\HandleCors->handle()
#52 /home/anmol/www/html/Customization/Abhishek/web-classranker/classranker/vendor/laravel/framework/src/Illuminate/Http/Middleware/TrustProxies.php(58): Illuminate\\Pipeline\\Pipeline->Illuminate\\Pipeline\\{closure}()
#53 /home/anmol/www/html/Customization/Abhishek/web-classranker/classranker/vendor/laravel/framework/src/Illuminate/Pipeline/Pipeline.php(209): Illuminate\\Http\\Middleware\\TrustProxies->handle()
#54 /home/anmol/www/html/Customization/Abhishek/web-classranker/classranker/vendor/laravel/framework/src/Illuminate/Foundation/Http/Middleware/InvokeDeferredCallbacks.php(22): Illuminate\\Pipeline\\Pipeline->Illuminate\\Pipeline\\{closure}()
#55 /home/anmol/www/html/Customization/Abhishek/web-classranker/classranker/vendor/laravel/framework/src/Illuminate/Pipeline/Pipeline.php(209): Illuminate\\Foundation\\Http\\Middleware\\InvokeDeferredCallbacks->handle()
#56 /home/anmol/www/html/Customization/Abhishek/web-classranker/classranker/vendor/laravel/framework/src/Illuminate/Pipeline/Pipeline.php(127): Illuminate\\Pipeline\\Pipeline->Illuminate\\Pipeline\\{closure}()
#57 /home/anmol/www/html/Customization/Abhishek/web-classranker/classranker/vendor/laravel/framework/src/Illuminate/Foundation/Http/Kernel.php(176): Illuminate\\Pipeline\\Pipeline->then()
#58 /home/anmol/www/html/Customization/Abhishek/web-classranker/classranker/vendor/laravel/framework/src/Illuminate/Foundation/Http/Kernel.php(145): Illuminate\\Foundation\\Http\\Kernel->sendRequestThroughRouter()
#59 /home/anmol/www/html/Customization/Abhishek/web-classranker/classranker/public/index.php(51): Illuminate\\Foundation\\Http\\Kernel->handle()
#60 {main}
"} 
[2026-02-26 01:14:25] local.ERROR: Undefined variable $queryBuilder {"exception":"[object] (ErrorException(code: 0): Undefined variable $queryBuilder at /home/anmol/www/html/Customization/Abhishek/web-classranker/classranker/packages/CustomFeature/Question/src/DataGrids/QuestionDataGrid.php:17)
[stacktrace]
#0 /home/anmol/www/html/Customization/Abhishek/web-classranker/classranker/vendor/laravel/framework/src/Illuminate/Foundation/Bootstrap/HandleExceptions.php(256): Illuminate\\Foundation\\Bootstrap\\HandleExceptions->handleError()
#1 /home/anmol/www/html/Customization/Abhishek/web-classranker/classranker/packages/CustomFeature/Question/src/DataGrids/QuestionDataGrid.php(17): Illuminate\\Foundation\\Bootstrap\\HandleExceptions->Illuminate\\Foundation\\Bootstrap\\{closure}()
#2 /home/anmol/www/html/Customization/Abhishek/web-classranker/classranker/packages/Webkul/DataGrid/src/DataGrid.php(730): CustomFeature\\Question\\DataGrids\\QuestionDataGrid->prepareQueryBuilder()
#3 /home/anmol/www/html/Customization/Abhishek/web-classranker/classranker/packages/Webkul/DataGrid/src/DataGrid.php(419): Webkul\\DataGrid\\DataGrid->prepare()
#4 /home/anmol/www/html/Customization/Abhishek/web-classranker/classranker/packages/CustomFeature/Question/src/Http/Controllers/QuestionController.php(28): Webkul\\DataGrid\\DataGrid->process()
#5 /home/anmol/www/html/Customization/Abhishek/web-classranker/classranker/vendor/laravel/framework/src/Illuminate/Routing/Controller.php(54): CustomFeature\\Question\\Http\\Controllers\\QuestionController->index()
#6 /home/anmol/www/html/Customization/Abhishek/web-classranker/classranker/vendor/laravel/framework/src/Illuminate/Routing/ControllerDispatcher.php(44): Illuminate\\Routing\\Controller->callAction()
#7 /home/anmol/www/html/Customization/Abhishek/web-classranker/classranker/vendor/laravel/framework/src/Illuminate/Routing/Route.php(266): Illuminate\\Routing\\ControllerDispatcher->dispatch()
#8 /home/anmol/www/html/Customization/Abhishek/web-classranker/classranker/vendor/laravel/framework/src/Illuminate/Routing/Route.php(212): Illuminate\\Routing\\Route->runController()
#9 /home/anmol/www/html/Customization/Abhishek/web-classranker/classranker/vendor/laravel/framework/src/Illuminate/Routing/Router.php(808): Illuminate\\Routing\\Route->run()
#10 /home/anmol/www/html/Customization/Abhishek/web-classranker/classranker/vendor/laravel/framework/src/Illuminate/Pipeline/Pipeline.php(170): Illuminate\\Routing\\Router->Illuminate\\Routing\\{closure}()
#11 /home/anmol/www/html/Customization/Abhishek/web-classranker/classranker/packages/Webkul/Core/src/Http/Middleware/NoCacheMiddleware.php(17): Illuminate\\Pipeline\\Pipeline->Illuminate\\Pipeline\\{closure}()
#12 /home/anmol/www/html/Customization/Abhishek/web-classranker/classranker/vendor/laravel/framework/src/Illuminate/Pipeline/Pipeline.php(209): Webkul\\Core\\Http\\Middleware\\NoCacheMiddleware->handle()
#13 /home/anmol/www/html/Customization/Abhishek/web-classranker/classranker/packages/Webkul/User/src/Http/Middleware/Bouncer.php(44): Illuminate\\Pipeline\\Pipeline->Illuminate\\Pipeline\\{closure}()
#14 /home/anmol/www/html/Customization/Abhishek/web-classranker/classranker/vendor/laravel/framework/src/Illuminate/Pipeline/Pipeline.php(209): Webkul\\User\\Http\\Middleware\\Bouncer->handle()
#15 /home/anmol/www/html/Customization/Abhishek/web-classranker/classranker/packages/Webkul/Core/src/Http/Middleware/PreventRequestsDuringMaintenance.php(73): Illuminate\\Pipeline\\Pipeline->Illuminate\\Pipeline\\{closure}()
#16 /home/anmol/www/html/Customization/Abhishek/web-classranker/classranker/vendor/laravel/framework/src/Illuminate/Pipeline/Pipeline.php(209): Webkul\\Core\\Http\\Middleware\\PreventRequestsDuringMaintenance->handle()
#17 /home/anmol/www/html/Customization/Abhishek/web-classranker/classranker/vendor/barryvdh/laravel-debugbar/src/Middleware/InjectDebugbar.php(66): Illuminate\\Pipeline\\Pipeline->Illuminate\\Pipeline\\{closure}()
#18 /home/anmol/www/html/Customization/Abhishek/web-classranker/classranker/vendor/laravel/framework/src/Illuminate/Pipeline/Pipeline.php(209): Barryvdh\\Debugbar\\Middleware\\InjectDebugbar->handle()
#19 /home/anmol/www/html/Customization/Abhishek/web-classranker/classranker/vendor/laravel/framework/src/Illuminate/Routing/Middleware/SubstituteBindings.php(51): Illuminate\\Pipeline\\Pipeline->Illuminate\\Pipeline\\{closure}()
#20 /home/anmol/www/html/Customization/Abhishek/web-classranker/classranker/vendor/laravel/framework/src/Illuminate/Pipeline/Pipeline.php(209): Illuminate\\Routing\\Middleware\\SubstituteBindings->handle()
#21 /home/anmol/www/html/Customization/Abhishek/web-classranker/classranker/vendor/laravel/framework/src/Illuminate/Foundation/Http/Middleware/VerifyCsrfToken.php(88): Illuminate\\Pipeline\\Pipeline->Illuminate\\Pipeline\\{closure}()
#22 /home/anmol/www/html/Customization/Abhishek/web-classranker/classranker/vendor/laravel/framework/src/Illuminate/Pipeline/Pipeline.php(209): Illuminate\\Foundation\\Http\\Middleware\\VerifyCsrfToken->handle()
#23 /home/anmol/www/html/Customization/Abhishek/web-classranker/classranker/vendor/laravel/framework/src/Illuminate/View/Middleware/ShareErrorsFromSession.php(49): Illuminate\\Pipeline\\Pipeline->Illuminate\\Pipeline\\{closure}()
#24 /home/anmol/www/html/Customization/Abhishek/web-classranker/classranker/vendor/laravel/framework/src/Illuminate/Pipeline/Pipeline.php(209): Illuminate\\View\\Middleware\\ShareErrorsFromSession->handle()
#25 /home/anmol/www/html/Customization/Abhishek/web-classranker/classranker/vendor/laravel/framework/src/Illuminate/Session/Middleware/StartSession.php(121): Illuminate\\Pipeline\\Pipeline->Illuminate\\Pipeline\\{closure}()
#26 /home/anmol/www/html/Customization/Abhishek/web-classranker/classranker/vendor/laravel/framework/src/Illuminate/Session/Middleware/StartSession.php(64): Illuminate\\Session\\Middleware\\StartSession->handleStatefulRequest()
#27 /home/anmol/www/html/Customization/Abhishek/web-classranker/classranker/vendor/laravel/framework/src/Illuminate/Pipeline/Pipeline.php(209): Illuminate\\Session\\Middleware\\StartSession->handle()
#28 /home/anmol/www/html/Customization/Abhishek/web-classranker/classranker/vendor/laravel/framework/src/Illuminate/Cookie/Middleware/AddQueuedCookiesToResponse.php(37): Illuminate\\Pipeline\\Pipeline->Illuminate\\Pipeline\\{closure}()
#29 /home/anmol/www/html/Customization/Abhishek/web-classranker/classranker/vendor/laravel/framework/src/Illuminate/Pipeline/Pipeline.php(209): Illuminate\\Cookie\\Middleware\\AddQueuedCookiesToResponse->handle()
#30 /home/anmol/www/html/Customization/Abhishek/web-classranker/classranker/vendor/laravel/framework/src/Illuminate/Cookie/Middleware/EncryptCookies.php(75): Illuminate\\Pipeline\\Pipeline->Illuminate\\Pipeline\\{closure}()
#31 /home/anmol/www/html/Customization/Abhishek/web-classranker/classranker/vendor/laravel/framework/src/Illuminate/Pipeline/Pipeline.php(209): Illuminate\\Cookie\\Middleware\\EncryptCookies->handle()
#32 /home/anmol/www/html/Customization/Abhishek/web-classranker/classranker/vendor/laravel/framework/src/Illuminate/Pipeline/Pipeline.php(127): Illuminate\\Pipeline\\Pipeline->Illuminate\\Pipeline\\{closure}()
#33 /home/anmol/www/html/Customization/Abhishek/web-classranker/classranker/vendor/laravel/framework/src/Illuminate/Routing/Router.php(807): Illuminate\\Pipeline\\Pipeline->then()
#34 /home/anmol/www/html/Customization/Abhishek/web-classranker/classranker/vendor/laravel/framework/src/Illuminate/Routing/Router.php(786): Illuminate\\Routing\\Router->runRouteWithinStack()
#35 /home/anmol/www/html/Customization/Abhishek/web-classranker/classranker/vendor/laravel/framework/src/Illuminate/Routing/Router.php(750): Illuminate\\Routing\\Router->runRoute()
#36 /home/anmol/www/html/Customization/Abhishek/web-classranker/classranker/vendor/laravel/framework/src/Illuminate/Routing/Router.php(739): Illuminate\\Routing\\Router->dispatchToRoute()
#37 /home/anmol/www/html/Customization/Abhishek/web-classranker/classranker/vendor/laravel/framework/src/Illuminate/Foundation/Http/Kernel.php(201): Illuminate\\Routing\\Router->dispatch()
#38 /home/anmol/www/html/Customization/Abhishek/web-classranker/classranker/vendor/laravel/framework/src/Illuminate/Pipeline/Pipeline.php(170): Illuminate\\Foundation\\Http\\Kernel->Illuminate\\Foundation\\Http\\{closure}()
#39 /home/anmol/www/html/Customization/Abhishek/web-classranker/classranker/vendor/barryvdh/laravel-debugbar/src/Middleware/InjectDebugbar.php(66): Illuminate\\Pipeline\\Pipeline->Illuminate\\Pipeline\\{closure}()
#40 /home/anmol/www/html/Customization/Abhishek/web-classranker/classranker/vendor/laravel/framework/src/Illuminate/Pipeline/Pipeline.php(209): Barryvdh\\Debugbar\\Middleware\\InjectDebugbar->handle()
#41 /home/anmol/www/html/Customization/Abhishek/web-classranker/classranker/packages/Webkul/Installer/src/Http/Middleware/CanInstall.php(36): Illuminate\\Pipeline\\Pipeline->Illuminate\\Pipeline\\{closure}()
#42 /home/anmol/www/html/Customization/Abhishek/web-classranker/classranker/vendor/laravel/framework/src/Illuminate/Pipeline/Pipeline.php(209): Webkul\\Installer\\Http\\Middleware\\CanInstall->handle()
#43 /home/anmol/www/html/Customization/Abhishek/web-classranker/classranker/packages/Webkul/Core/src/Http/Middleware/SecureHeaders.php(26): Illuminate\\Pipeline\\Pipeline->Illuminate\\Pipeline\\{closure}()
#44 /home/anmol/www/html/Customization/Abhishek/web-classranker/classranker/vendor/laravel/framework/src/Illuminate/Pipeline/Pipeline.php(209): Webkul\\Core\\Http\\Middleware\\SecureHeaders->handle()
#45 /home/anmol/www/html/Customization/Abhishek/web-classranker/classranker/vendor/laravel/framework/src/Illuminate/Foundation/Http/Middleware/TransformsRequest.php(21): Illuminate\\Pipeline\\Pipeline->Illuminate\\Pipeline\\{closure}()
#46 /home/anmol/www/html/Customization/Abhishek/web-classranker/classranker/vendor/laravel/framework/src/Illuminate/Foundation/Http/Middleware/TrimStrings.php(51): Illuminate\\Foundation\\Http\\Middleware\\TransformsRequest->handle()
#47 /home/anmol/www/html/Customization/Abhishek/web-classranker/classranker/vendor/laravel/framework/src/Illuminate/Pipeline/Pipeline.php(209): Illuminate\\Foundation\\Http\\Middleware\\TrimStrings->handle()
#48 /home/anmol/www/html/Customization/Abhishek/web-classranker/classranker/vendor/laravel/framework/src/Illuminate/Http/Middleware/ValidatePostSize.php(27): Illuminate\\Pipeline\\Pipeline->Illuminate\\Pipeline\\{closure}()
#49 /home/anmol/www/html/Customization/Abhishek/web-classranker/classranker/vendor/laravel/framework/src/Illuminate/Pipeline/Pipeline.php(209): Illuminate\\Http\\Middleware\\ValidatePostSize->handle()
#50 /home/anmol/www/html/Customization/Abhishek/web-classranker/classranker/vendor/laravel/framework/src/Illuminate/Http/Middleware/HandleCors.php(49): Illuminate\\Pipeline\\Pipeline->Illuminate\\Pipeline\\{closure}()
#51 /home/anmol/www/html/Customization/Abhishek/web-classranker/classranker/vendor/laravel/framework/src/Illuminate/Pipeline/Pipeline.php(209): Illuminate\\Http\\Middleware\\HandleCors->handle()
#52 /home/anmol/www/html/Customization/Abhishek/web-classranker/classranker/vendor/laravel/framework/src/Illuminate/Http/Middleware/TrustProxies.php(58): Illuminate\\Pipeline\\Pipeline->Illuminate\\Pipeline\\{closure}()
#53 /home/anmol/www/html/Customization/Abhishek/web-classranker/classranker/vendor/laravel/framework/src/Illuminate/Pipeline/Pipeline.php(209): Illuminate\\Http\\Middleware\\TrustProxies->handle()
#54 /home/anmol/www/html/Customization/Abhishek/web-classranker/classranker/vendor/laravel/framework/src/Illuminate/Foundation/Http/Middleware/InvokeDeferredCallbacks.php(22): Illuminate\\Pipeline\\Pipeline->Illuminate\\Pipeline\\{closure}()
#55 /home/anmol/www/html/Customization/Abhishek/web-classranker/classranker/vendor/laravel/framework/src/Illuminate/Pipeline/Pipeline.php(209): Illuminate\\Foundation\\Http\\Middleware\\InvokeDeferredCallbacks->handle()
#56 /home/anmol/www/html/Customization/Abhishek/web-classranker/classranker/vendor/laravel/framework/src/Illuminate/Pipeline/Pipeline.php(127): Illuminate\\Pipeline\\Pipeline->Illuminate\\Pipeline\\{closure}()
#57 /home/anmol/www/html/Customization/Abhishek/web-classranker/classranker/vendor/laravel/framework/src/Illuminate/Foundation/Http/Kernel.php(176): Illuminate\\Pipeline\\Pipeline->then()
#58 /home/anmol/www/html/Customization/Abhishek/web-classranker/classranker/vendor/laravel/framework/src/Illuminate/Foundation/Http/Kernel.php(145): Illuminate\\Foundation\\Http\\Kernel->sendRequestThroughRouter()
#59 /home/anmol/www/html/Customization/Abhishek/web-classranker/classranker/public/index.php(51): Illuminate\\Foundation\\Http\\Kernel->handle()
#60 {main}
"} 
[2026-02-26 01:14:47] local.ERROR: SQLSTATE[42S22]: Column not found: 1054 Unknown column 'questions.chapter_id' in 'on clause' (Connection: mysql, SQL: select count(*) as aggregate from `questions` left join `boards` on `questions`.`board_id` = `boards`.`id` left join `grades` on `questions`.`grade_id` = `grades`.`id` left join `subjects` on `questions`.`subject_id` = `subjects`.`id` left join `books` on `questions`.`book_id` = `books`.`id` left join `chapters` on `questions`.`chapter_id` = `chapters`.`id`) {"exception":"[object] (Illuminate\\Database\\QueryException(code: 42S22): SQLSTATE[42S22]: Column not found: 1054 Unknown column 'questions.chapter_id' in 'on clause' (Connection: mysql, SQL: select count(*) as aggregate from `questions` left join `boards` on `questions`.`board_id` = `boards`.`id` left join `grades` on `questions`.`grade_id` = `grades`.`id` left join `subjects` on `questions`.`subject_id` = `subjects`.`id` left join `books` on `questions`.`book_id` = `books`.`id` left join `chapters` on `questions`.`chapter_id` = `chapters`.`id`) at /home/anmol/www/html/Customization/Abhishek/web-classranker/classranker/vendor/laravel/framework/src/Illuminate/Database/Connection.php:825)
[stacktrace]
#0 /home/anmol/www/html/Customization/Abhishek/web-classranker/classranker/vendor/laravel/framework/src/Illuminate/Database/Connection.php(779): Illuminate\\Database\\Connection->runQueryCallback()
#1 /home/anmol/www/html/Customization/Abhishek/web-classranker/classranker/vendor/laravel/framework/src/Illuminate/Database/Connection.php(398): Illuminate\\Database\\Connection->run()
#2 /home/anmol/www/html/Customization/Abhishek/web-classranker/classranker/vendor/laravel/framework/src/Illuminate/Database/Query/Builder.php(3106): Illuminate\\Database\\Connection->select()
#3 /home/anmol/www/html/Customization/Abhishek/web-classranker/classranker/vendor/laravel/framework/src/Illuminate/Database/Query/Builder.php(3091): Illuminate\\Database\\Query\\Builder->runSelect()
#4 /home/anmol/www/html/Customization/Abhishek/web-classranker/classranker/vendor/laravel/framework/src/Illuminate/Database/Query/Builder.php(3676): Illuminate\\Database\\Query\\Builder->Illuminate\\Database\\Query\\{closure}()
#5 /home/anmol/www/html/Customization/Abhishek/web-classranker/classranker/vendor/laravel/framework/src/Illuminate/Database/Query/Builder.php(3090): Illuminate\\Database\\Query\\Builder->onceWithColumns()
#6 /home/anmol/www/html/Customization/Abhishek/web-classranker/classranker/vendor/laravel/framework/src/Illuminate/Database/Query/Builder.php(3285): Illuminate\\Database\\Query\\Builder->get()
#7 /home/anmol/www/html/Customization/Abhishek/web-classranker/classranker/vendor/laravel/framework/src/Illuminate/Database/Query/Builder.php(3244): Illuminate\\Database\\Query\\Builder->runPaginationCountQuery()
#8 /home/anmol/www/html/Customization/Abhishek/web-classranker/classranker/vendor/laravel/framework/src/Illuminate/Database/Query/Builder.php(3151): Illuminate\\Database\\Query\\Builder->getCountForPagination()
#9 /home/anmol/www/html/Customization/Abhishek/web-classranker/classranker/packages/Webkul/DataGrid/src/DataGrid.php(513): Illuminate\\Database\\Query\\Builder->paginate()
#10 /home/anmol/www/html/Customization/Abhishek/web-classranker/classranker/packages/Webkul/DataGrid/src/DataGrid.php(561): Webkul\\DataGrid\\DataGrid->processRequestedPagination()
#11 /home/anmol/www/html/Customization/Abhishek/web-classranker/classranker/packages/Webkul/DataGrid/src/DataGrid.php(737): Webkul\\DataGrid\\DataGrid->processRequest()
#12 /home/anmol/www/html/Customization/Abhishek/web-classranker/classranker/packages/Webkul/DataGrid/src/DataGrid.php(419): Webkul\\DataGrid\\DataGrid->prepare()
#13 /home/anmol/www/html/Customization/Abhishek/web-classranker/classranker/packages/CustomFeature/Question/src/Http/Controllers/QuestionController.php(28): Webkul\\DataGrid\\DataGrid->process()
#14 /home/anmol/www/html/Customization/Abhishek/web-classranker/classranker/vendor/laravel/framework/src/Illuminate/Routing/Controller.php(54): CustomFeature\\Question\\Http\\Controllers\\QuestionController->index()
#15 /home/anmol/www/html/Customization/Abhishek/web-classranker/classranker/vendor/laravel/framework/src/Illuminate/Routing/ControllerDispatcher.php(44): Illuminate\\Routing\\Controller->callAction()
#16 /home/anmol/www/html/Customization/Abhishek/web-classranker/classranker/vendor/laravel/framework/src/Illuminate/Routing/Route.php(266): Illuminate\\Routing\\ControllerDispatcher->dispatch()
#17 /home/anmol/www/html/Customization/Abhishek/web-classranker/classranker/vendor/laravel/framework/src/Illuminate/Routing/Route.php(212): Illuminate\\Routing\\Route->runController()
#18 /home/anmol/www/html/Customization/Abhishek/web-classranker/classranker/vendor/laravel/framework/src/Illuminate/Routing/Router.php(808): Illuminate\\Routing\\Route->run()
#19 /home/anmol/www/html/Customization/Abhishek/web-classranker/classranker/vendor/laravel/framework/src/Illuminate/Pipeline/Pipeline.php(170): Illuminate\\Routing\\Router->Illuminate\\Routing\\{closure}()
#20 /home/anmol/www/html/Customization/Abhishek/web-classranker/classranker/packages/Webkul/Core/src/Http/Middleware/NoCacheMiddleware.php(17): Illuminate\\Pipeline\\Pipeline->Illuminate\\Pipeline\\{closure}()
#21 /home/anmol/www/html/Customization/Abhishek/web-classranker/classranker/vendor/laravel/framework/src/Illuminate/Pipeline/Pipeline.php(209): Webkul\\Core\\Http\\Middleware\\NoCacheMiddleware->handle()
#22 /home/anmol/www/html/Customization/Abhishek/web-classranker/classranker/packages/Webkul/User/src/Http/Middleware/Bouncer.php(44): Illuminate\\Pipeline\\Pipeline->Illuminate\\Pipeline\\{closure}()
#23 /home/anmol/www/html/Customization/Abhishek/web-classranker/classranker/vendor/laravel/framework/src/Illuminate/Pipeline/Pipeline.php(209): Webkul\\User\\Http\\Middleware\\Bouncer->handle()
#24 /home/anmol/www/html/Customization/Abhishek/web-classranker/classranker/packages/Webkul/Core/src/Http/Middleware/PreventRequestsDuringMaintenance.php(73): Illuminate\\Pipeline\\Pipeline->Illuminate\\Pipeline\\{closure}()
#25 /home/anmol/www/html/Customization/Abhishek/web-classranker/classranker/vendor/laravel/framework/src/Illuminate/Pipeline/Pipeline.php(209): Webkul\\Core\\Http\\Middleware\\PreventRequestsDuringMaintenance->handle()
#26 /home/anmol/www/html/Customization/Abhishek/web-classranker/classranker/vendor/barryvdh/laravel-debugbar/src/Middleware/InjectDebugbar.php(66): Illuminate\\Pipeline\\Pipeline->Illuminate\\Pipeline\\{closure}()
#27 /home/anmol/www/html/Customization/Abhishek/web-classranker/classranker/vendor/laravel/framework/src/Illuminate/Pipeline/Pipeline.php(209): Barryvdh\\Debugbar\\Middleware\\InjectDebugbar->handle()
#28 /home/anmol/www/html/Customization/Abhishek/web-classranker/classranker/vendor/laravel/framework/src/Illuminate/Routing/Middleware/SubstituteBindings.php(51): Illuminate\\Pipeline\\Pipeline->Illuminate\\Pipeline\\{closure}()
#29 /home/anmol/www/html/Customization/Abhishek/web-classranker/classranker/vendor/laravel/framework/src/Illuminate/Pipeline/Pipeline.php(209): Illuminate\\Routing\\Middleware\\SubstituteBindings->handle()
#30 /home/anmol/www/html/Customization/Abhishek/web-classranker/classranker/vendor/laravel/framework/src/Illuminate/Foundation/Http/Middleware/VerifyCsrfToken.php(88): Illuminate\\Pipeline\\Pipeline->Illuminate\\Pipeline\\{closure}()
#31 /home/anmol/www/html/Customization/Abhishek/web-classranker/classranker/vendor/laravel/framework/src/Illuminate/Pipeline/Pipeline.php(209): Illuminate\\Foundation\\Http\\Middleware\\VerifyCsrfToken->handle()
#32 /home/anmol/www/html/Customization/Abhishek/web-classranker/classranker/vendor/laravel/framework/src/Illuminate/View/Middleware/ShareErrorsFromSession.php(49): Illuminate\\Pipeline\\Pipeline->Illuminate\\Pipeline\\{closure}()
#33 /home/anmol/www/html/Customization/Abhishek/web-classranker/classranker/vendor/laravel/framework/src/Illuminate/Pipeline/Pipeline.php(209): Illuminate\\View\\Middleware\\ShareErrorsFromSession->handle()
#34 /home/anmol/www/html/Customization/Abhishek/web-classranker/classranker/vendor/laravel/framework/src/Illuminate/Session/Middleware/StartSession.php(121): Illuminate\\Pipeline\\Pipeline->Illuminate\\Pipeline\\{closure}()
#35 /home/anmol/www/html/Customization/Abhishek/web-classranker/classranker/vendor/laravel/framework/src/Illuminate/Session/Middleware/StartSession.php(64): Illuminate\\Session\\Middleware\\StartSession->handleStatefulRequest()
#36 /home/anmol/www/html/Customization/Abhishek/web-classranker/classranker/vendor/laravel/framework/src/Illuminate/Pipeline/Pipeline.php(209): Illuminate\\Session\\Middleware\\StartSession->handle()
#37 /home/anmol/www/html/Customization/Abhishek/web-classranker/classranker/vendor/laravel/framework/src/Illuminate/Cookie/Middleware/AddQueuedCookiesToResponse.php(37): Illuminate\\Pipeline\\Pipeline->Illuminate\\Pipeline\\{closure}()
#38 /home/anmol/www/html/Customization/Abhishek/web-classranker/classranker/vendor/laravel/framework/src/Illuminate/Pipeline/Pipeline.php(209): Illuminate\\Cookie\\Middleware\\AddQueuedCookiesToResponse->handle()
#39 /home/anmol/www/html/Customization/Abhishek/web-classranker/classranker/vendor/laravel/framework/src/Illuminate/Cookie/Middleware/EncryptCookies.php(75): Illuminate\\Pipeline\\Pipeline->Illuminate\\Pipeline\\{closure}()
#40 /home/anmol/www/html/Customization/Abhishek/web-classranker/classranker/vendor/laravel/framework/src/Illuminate/Pipeline/Pipeline.php(209): Illuminate\\Cookie\\Middleware\\EncryptCookies->handle()
#41 /home/anmol/www/html/Customization/Abhishek/web-classranker/classranker/vendor/laravel/framework/src/Illuminate/Pipeline/Pipeline.php(127): Illuminate\\Pipeline\\Pipeline->Illuminate\\Pipeline\\{closure}()
#42 /home/anmol/www/html/Customization/Abhishek/web-classranker/classranker/vendor/laravel/framework/src/Illuminate/Routing/Router.php(807): Illuminate\\Pipeline\\Pipeline->then()
#43 /home/anmol/www/html/Customization/Abhishek/web-classranker/classranker/vendor/laravel/framework/src/Illuminate/Routing/Router.php(786): Illuminate\\Routing\\Router->runRouteWithinStack()
#44 /home/anmol/www/html/Customization/Abhishek/web-classranker/classranker/vendor/laravel/framework/src/Illuminate/Routing/Router.php(750): Illuminate\\Routing\\Router->runRoute()
#45 /home/anmol/www/html/Customization/Abhishek/web-classranker/classranker/vendor/laravel/framework/src/Illuminate/Routing/Router.php(739): Illuminate\\Routing\\Router->dispatchToRoute()
#46 /home/anmol/www/html/Customization/Abhishek/web-classranker/classranker/vendor/laravel/framework/src/Illuminate/Foundation/Http/Kernel.php(201): Illuminate\\Routing\\Router->dispatch()
#47 /home/anmol/www/html/Customization/Abhishek/web-classranker/classranker/vendor/laravel/framework/src/Illuminate/Pipeline/Pipeline.php(170): Illuminate\\Foundation\\Http\\Kernel->Illuminate\\Foundation\\Http\\{closure}()
#48 /home/anmol/www/html/Customization/Abhishek/web-classranker/classranker/vendor/barryvdh/laravel-debugbar/src/Middleware/InjectDebugbar.php(66): Illuminate\\Pipeline\\Pipeline->Illuminate\\Pipeline\\{closure}()
#49 /home/anmol/www/html/Customization/Abhishek/web-classranker/classranker/vendor/laravel/framework/src/Illuminate/Pipeline/Pipeline.php(209): Barryvdh\\Debugbar\\Middleware\\InjectDebugbar->handle()
#50 /home/anmol/www/html/Customization/Abhishek/web-classranker/classranker/packages/Webkul/Installer/src/Http/Middleware/CanInstall.php(36): Illuminate\\Pipeline\\Pipeline->Illuminate\\Pipeline\\{closure}()
#51 /home/anmol/www/html/Customization/Abhishek/web-classranker/classranker/vendor/laravel/framework/src/Illuminate/Pipeline/Pipeline.php(209): Webkul\\Installer\\Http\\Middleware\\CanInstall->handle()
#52 /home/anmol/www/html/Customization/Abhishek/web-classranker/classranker/packages/Webkul/Core/src/Http/Middleware/SecureHeaders.php(26): Illuminate\\Pipeline\\Pipeline->Illuminate\\Pipeline\\{closure}()
#53 /home/anmol/www/html/Customization/Abhishek/web-classranker/classranker/vendor/laravel/framework/src/Illuminate/Pipeline/Pipeline.php(209): Webkul\\Core\\Http\\Middleware\\SecureHeaders->handle()
#54 /home/anmol/www/html/Customization/Abhishek/web-classranker/classranker/vendor/laravel/framework/src/Illuminate/Foundation/Http/Middleware/TransformsRequest.php(21): Illuminate\\Pipeline\\Pipeline->Illuminate\\Pipeline\\{closure}()
#55 /home/anmol/www/html/Customization/Abhishek/web-classranker/classranker/vendor/laravel/framework/src/Illuminate/Foundation/Http/Middleware/TrimStrings.php(51): Illuminate\\Foundation\\Http\\Middleware\\TransformsRequest->handle()
#56 /home/anmol/www/html/Customization/Abhishek/web-classranker/classranker/vendor/laravel/framework/src/Illuminate/Pipeline/Pipeline.php(209): Illuminate\\Foundation\\Http\\Middleware\\TrimStrings->handle()
#57 /home/anmol/www/html/Customization/Abhishek/web-classranker/classranker/vendor/laravel/framework/src/Illuminate/Http/Middleware/ValidatePostSize.php(27): Illuminate\\Pipeline\\Pipeline->Illuminate\\Pipeline\\{closure}()
#58 /home/anmol/www/html/Customization/Abhishek/web-classranker/classranker/vendor/laravel/framework/src/Illuminate/Pipeline/Pipeline.php(209): Illuminate\\Http\\Middleware\\ValidatePostSize->handle()
#59 /home/anmol/www/html/Customization/Abhishek/web-classranker/classranker/vendor/laravel/framework/src/Illuminate/Http/Middleware/HandleCors.php(49): Illuminate\\Pipeline\\Pipeline->Illuminate\\Pipeline\\{closure}()
#60 /home/anmol/www/html/Customization/Abhishek/web-classranker/classranker/vendor/laravel/framework/src/Illuminate/Pipeline/Pipeline.php(209): Illuminate\\Http\\Middleware\\HandleCors->handle()
#61 /home/anmol/www/html/Customization/Abhishek/web-classranker/classranker/vendor/laravel/framework/src/Illuminate/Http/Middleware/TrustProxies.php(58): Illuminate\\Pipeline\\Pipeline->Illuminate\\Pipeline\\{closure}()
#62 /home/anmol/www/html/Customization/Abhishek/web-classranker/classranker/vendor/laravel/framework/src/Illuminate/Pipeline/Pipeline.php(209): Illuminate\\Http\\Middleware\\TrustProxies->handle()
#63 /home/anmol/www/html/Customization/Abhishek/web-classranker/classranker/vendor/laravel/framework/src/Illuminate/Foundation/Http/Middleware/InvokeDeferredCallbacks.php(22): Illuminate\\Pipeline\\Pipeline->Illuminate\\Pipeline\\{closure}()
#64 /home/anmol/www/html/Customization/Abhishek/web-classranker/classranker/vendor/laravel/framework/src/Illuminate/Pipeline/Pipeline.php(209): Illuminate\\Foundation\\Http\\Middleware\\InvokeDeferredCallbacks->handle()
#65 /home/anmol/www/html/Customization/Abhishek/web-classranker/classranker/vendor/laravel/framework/src/Illuminate/Pipeline/Pipeline.php(127): Illuminate\\Pipeline\\Pipeline->Illuminate\\Pipeline\\{closure}()
#66 /home/anmol/www/html/Customization/Abhishek/web-classranker/classranker/vendor/laravel/framework/src/Illuminate/Foundation/Http/Kernel.php(176): Illuminate\\Pipeline\\Pipeline->then()
#67 /home/anmol/www/html/Customization/Abhishek/web-classranker/classranker/vendor/laravel/framework/src/Illuminate/Foundation/Http/Kernel.php(145): Illuminate\\Foundation\\Http\\Kernel->sendRequestThroughRouter()
#68 /home/anmol/www/html/Customization/Abhishek/web-classranker/classranker/public/index.php(51): Illuminate\\Foundation\\Http\\Kernel->handle()
#69 {main}

[previous exception] [object] (PDOException(code: 42S22): SQLSTATE[42S22]: Column not found: 1054 Unknown column 'questions.chapter_id' in 'on clause' at /home/anmol/www/html/Customization/Abhishek/web-classranker/classranker/vendor/laravel/framework/src/Illuminate/Database/Connection.php:407)
[stacktrace]
#0 /home/anmol/www/html/Customization/Abhishek/web-classranker/classranker/vendor/laravel/framework/src/Illuminate/Database/Connection.php(407): PDO->prepare()
#1 /home/anmol/www/html/Customization/Abhishek/web-classranker/classranker/vendor/laravel/framework/src/Illuminate/Database/Connection.php(812): Illuminate\\Database\\Connection->Illuminate\\Database\\{closure}()
#2 /home/anmol/www/html/Customization/Abhishek/web-classranker/classranker/vendor/laravel/framework/src/Illuminate/Database/Connection.php(779): Illuminate\\Database\\Connection->runQueryCallback()
#3 /home/anmol/www/html/Customization/Abhishek/web-classranker/classranker/vendor/laravel/framework/src/Illuminate/Database/Connection.php(398): Illuminate\\Database\\Connection->run()
#4 /home/anmol/www/html/Customization/Abhishek/web-classranker/classranker/vendor/laravel/framework/src/Illuminate/Database/Query/Builder.php(3106): Illuminate\\Database\\Connection->select()
#5 /home/anmol/www/html/Customization/Abhishek/web-classranker/classranker/vendor/laravel/framework/src/Illuminate/Database/Query/Builder.php(3091): Illuminate\\Database\\Query\\Builder->runSelect()
#6 /home/anmol/www/html/Customization/Abhishek/web-classranker/classranker/vendor/laravel/framework/src/Illuminate/Database/Query/Builder.php(3676): Illuminate\\Database\\Query\\Builder->Illuminate\\Database\\Query\\{closure}()
#7 /home/anmol/www/html/Customization/Abhishek/web-classranker/classranker/vendor/laravel/framework/src/Illuminate/Database/Query/Builder.php(3090): Illuminate\\Database\\Query\\Builder->onceWithColumns()
#8 /home/anmol/www/html/Customization/Abhishek/web-classranker/classranker/vendor/laravel/framework/src/Illuminate/Database/Query/Builder.php(3285): Illuminate\\Database\\Query\\Builder->get()
#9 /home/anmol/www/html/Customization/Abhishek/web-classranker/classranker/vendor/laravel/framework/src/Illuminate/Database/Query/Builder.php(3244): Illuminate\\Database\\Query\\Builder->runPaginationCountQuery()
#10 /home/anmol/www/html/Customization/Abhishek/web-classranker/classranker/vendor/laravel/framework/src/Illuminate/Database/Query/Builder.php(3151): Illuminate\\Database\\Query\\Builder->getCountForPagination()
#11 /home/anmol/www/html/Customization/Abhishek/web-classranker/classranker/packages/Webkul/DataGrid/src/DataGrid.php(513): Illuminate\\Database\\Query\\Builder->paginate()
#12 /home/anmol/www/html/Customization/Abhishek/web-classranker/classranker/packages/Webkul/DataGrid/src/DataGrid.php(561): Webkul\\DataGrid\\DataGrid->processRequestedPagination()
#13 /home/anmol/www/html/Customization/Abhishek/web-classranker/classranker/packages/Webkul/DataGrid/src/DataGrid.php(737): Webkul\\DataGrid\\DataGrid->processRequest()
#14 /home/anmol/www/html/Customization/Abhishek/web-classranker/classranker/packages/Webkul/DataGrid/src/DataGrid.php(419): Webkul\\DataGrid\\DataGrid->prepare()
#15 /home/anmol/www/html/Customization/Abhishek/web-classranker/classranker/packages/CustomFeature/Question/src/Http/Controllers/QuestionController.php(28): Webkul\\DataGrid\\DataGrid->process()
#16 /home/anmol/www/html/Customization/Abhishek/web-classranker/classranker/vendor/laravel/framework/src/Illuminate/Routing/Controller.php(54): CustomFeature\\Question\\Http\\Controllers\\QuestionController->index()
#17 /home/anmol/www/html/Customization/Abhishek/web-classranker/classranker/vendor/laravel/framework/src/Illuminate/Routing/ControllerDispatcher.php(44): Illuminate\\Routing\\Controller->callAction()
#18 /home/anmol/www/html/Customization/Abhishek/web-classranker/classranker/vendor/laravel/framework/src/Illuminate/Routing/Route.php(266): Illuminate\\Routing\\ControllerDispatcher->dispatch()
#19 /home/anmol/www/html/Customization/Abhishek/web-classranker/classranker/vendor/laravel/framework/src/Illuminate/Routing/Route.php(212): Illuminate\\Routing\\Route->runController()
#20 /home/anmol/www/html/Customization/Abhishek/web-classranker/classranker/vendor/laravel/framework/src/Illuminate/Routing/Router.php(808): Illuminate\\Routing\\Route->run()
#21 /home/anmol/www/html/Customization/Abhishek/web-classranker/classranker/vendor/laravel/framework/src/Illuminate/Pipeline/Pipeline.php(170): Illuminate\\Routing\\Router->Illuminate\\Routing\\{closure}()
#22 /home/anmol/www/html/Customization/Abhishek/web-classranker/classranker/packages/Webkul/Core/src/Http/Middleware/NoCacheMiddleware.php(17): Illuminate\\Pipeline\\Pipeline->Illuminate\\Pipeline\\{closure}()
#23 /home/anmol/www/html/Customization/Abhishek/web-classranker/classranker/vendor/laravel/framework/src/Illuminate/Pipeline/Pipeline.php(209): Webkul\\Core\\Http\\Middleware\\NoCacheMiddleware->handle()
#24 /home/anmol/www/html/Customization/Abhishek/web-classranker/classranker/packages/Webkul/User/src/Http/Middleware/Bouncer.php(44): Illuminate\\Pipeline\\Pipeline->Illuminate\\Pipeline\\{closure}()
#25 /home/anmol/www/html/Customization/Abhishek/web-classranker/classranker/vendor/laravel/framework/src/Illuminate/Pipeline/Pipeline.php(209): Webkul\\User\\Http\\Middleware\\Bouncer->handle()
#26 /home/anmol/www/html/Customization/Abhishek/web-classranker/classranker/packages/Webkul/Core/src/Http/Middleware/PreventRequestsDuringMaintenance.php(73): Illuminate\\Pipeline\\Pipeline->Illuminate\\Pipeline\\{closure}()
#27 /home/anmol/www/html/Customization/Abhishek/web-classranker/classranker/vendor/laravel/framework/src/Illuminate/Pipeline/Pipeline.php(209): Webkul\\Core\\Http\\Middleware\\PreventRequestsDuringMaintenance->handle()
#28 /home/anmol/www/html/Customization/Abhishek/web-classranker/classranker/vendor/barryvdh/laravel-debugbar/src/Middleware/InjectDebugbar.php(66): Illuminate\\Pipeline\\Pipeline->Illuminate\\Pipeline\\{closure}()
#29 /home/anmol/www/html/Customization/Abhishek/web-classranker/classranker/vendor/laravel/framework/src/Illuminate/Pipeline/Pipeline.php(209): Barryvdh\\Debugbar\\Middleware\\InjectDebugbar->handle()
#30 /home/anmol/www/html/Customization/Abhishek/web-classranker/classranker/vendor/laravel/framework/src/Illuminate/Routing/Middleware/SubstituteBindings.php(51): Illuminate\\Pipeline\\Pipeline->Illuminate\\Pipeline\\{closure}()
#31 /home/anmol/www/html/Customization/Abhishek/web-classranker/classranker/vendor/laravel/framework/src/Illuminate/Pipeline/Pipeline.php(209): Illuminate\\Routing\\Middleware\\SubstituteBindings->handle()
#32 /home/anmol/www/html/Customization/Abhishek/web-classranker/classranker/vendor/laravel/framework/src/Illuminate/Foundation/Http/Middleware/VerifyCsrfToken.php(88): Illuminate\\Pipeline\\Pipeline->Illuminate\\Pipeline\\{closure}()
#33 /home/anmol/www/html/Customization/Abhishek/web-classranker/classranker/vendor/laravel/framework/src/Illuminate/Pipeline/Pipeline.php(209): Illuminate\\Foundation\\Http\\Middleware\\VerifyCsrfToken->handle()
#34 /home/anmol/www/html/Customization/Abhishek/web-classranker/classranker/vendor/laravel/framework/src/Illuminate/View/Middleware/ShareErrorsFromSession.php(49): Illuminate\\Pipeline\\Pipeline->Illuminate\\Pipeline\\{closure}()
#35 /home/anmol/www/html/Customization/Abhishek/web-classranker/classranker/vendor/laravel/framework/src/Illuminate/Pipeline/Pipeline.php(209): Illuminate\\View\\Middleware\\ShareErrorsFromSession->handle()
#36 /home/anmol/www/html/Customization/Abhishek/web-classranker/classranker/vendor/laravel/framework/src/Illuminate/Session/Middleware/StartSession.php(121): Illuminate\\Pipeline\\Pipeline->Illuminate\\Pipeline\\{closure}()
#37 /home/anmol/www/html/Customization/Abhishek/web-classranker/classranker/vendor/laravel/framework/src/Illuminate/Session/Middleware/StartSession.php(64): Illuminate\\Session\\Middleware\\StartSession->handleStatefulRequest()
#38 /home/anmol/www/html/Customization/Abhishek/web-classranker/classranker/vendor/laravel/framework/src/Illuminate/Pipeline/Pipeline.php(209): Illuminate\\Session\\Middleware\\StartSession->handle()
#39 /home/anmol/www/html/Customization/Abhishek/web-classranker/classranker/vendor/laravel/framework/src/Illuminate/Cookie/Middleware/AddQueuedCookiesToResponse.php(37): Illuminate\\Pipeline\\Pipeline->Illuminate\\Pipeline\\{closure}()
#40 /home/anmol/www/html/Customization/Abhishek/web-classranker/classranker/vendor/laravel/framework/src/Illuminate/Pipeline/Pipeline.php(209): Illuminate\\Cookie\\Middleware\\AddQueuedCookiesToResponse->handle()
#41 /home/anmol/www/html/Customization/Abhishek/web-classranker/classranker/vendor/laravel/framework/src/Illuminate/Cookie/Middleware/EncryptCookies.php(75): Illuminate\\Pipeline\\Pipeline->Illuminate\\Pipeline\\{closure}()
#42 /home/anmol/www/html/Customization/Abhishek/web-classranker/classranker/vendor/laravel/framework/src/Illuminate/Pipeline/Pipeline.php(209): Illuminate\\Cookie\\Middleware\\EncryptCookies->handle()
#43 /home/anmol/www/html/Customization/Abhishek/web-classranker/classranker/vendor/laravel/framework/src/Illuminate/Pipeline/Pipeline.php(127): Illuminate\\Pipeline\\Pipeline->Illuminate\\Pipeline\\{closure}()
#44 /home/anmol/www/html/Customization/Abhishek/web-classranker/classranker/vendor/laravel/framework/src/Illuminate/Routing/Router.php(807): Illuminate\\Pipeline\\Pipeline->then()
#45 /home/anmol/www/html/Customization/Abhishek/web-classranker/classranker/vendor/laravel/framework/src/Illuminate/Routing/Router.php(786): Illuminate\\Routing\\Router->runRouteWithinStack()
#46 /home/anmol/www/html/Customization/Abhishek/web-classranker/classranker/vendor/laravel/framework/src/Illuminate/Routing/Router.php(750): Illuminate\\Routing\\Router->runRoute()
#47 /home/anmol/www/html/Customization/Abhishek/web-classranker/classranker/vendor/laravel/framework/src/Illuminate/Routing/Router.php(739): Illuminate\\Routing\\Router->dispatchToRoute()
#48 /home/anmol/www/html/Customization/Abhishek/web-classranker/classranker/vendor/laravel/framework/src/Illuminate/Foundation/Http/Kernel.php(201): Illuminate\\Routing\\Router->dispatch()
#49 /home/anmol/www/html/Customization/Abhishek/web-classranker/classranker/vendor/laravel/framework/src/Illuminate/Pipeline/Pipeline.php(170): Illuminate\\Foundation\\Http\\Kernel->Illuminate\\Foundation\\Http\\{closure}()
#50 /home/anmol/www/html/Customization/Abhishek/web-classranker/classranker/vendor/barryvdh/laravel-debugbar/src/Middleware/InjectDebugbar.php(66): Illuminate\\Pipeline\\Pipeline->Illuminate\\Pipeline\\{closure}()
#51 /home/anmol/www/html/Customization/Abhishek/web-classranker/classranker/vendor/laravel/framework/src/Illuminate/Pipeline/Pipeline.php(209): Barryvdh\\Debugbar\\Middleware\\InjectDebugbar->handle()
#52 /home/anmol/www/html/Customization/Abhishek/web-classranker/classranker/packages/Webkul/Installer/src/Http/Middleware/CanInstall.php(36): Illuminate\\Pipeline\\Pipeline->Illuminate\\Pipeline\\{closure}()
#53 /home/anmol/www/html/Customization/Abhishek/web-classranker/classranker/vendor/laravel/framework/src/Illuminate/Pipeline/Pipeline.php(209): Webkul\\Installer\\Http\\Middleware\\CanInstall->handle()
#54 /home/anmol/www/html/Customization/Abhishek/web-classranker/classranker/packages/Webkul/Core/src/Http/Middleware/SecureHeaders.php(26): Illuminate\\Pipeline\\Pipeline->Illuminate\\Pipeline\\{closure}()
#55 /home/anmol/www/html/Customization/Abhishek/web-classranker/classranker/vendor/laravel/framework/src/Illuminate/Pipeline/Pipeline.php(209): Webkul\\Core\\Http\\Middleware\\SecureHeaders->handle()
#56 /home/anmol/www/html/Customization/Abhishek/web-classranker/classranker/vendor/laravel/framework/src/Illuminate/Foundation/Http/Middleware/TransformsRequest.php(21): Illuminate\\Pipeline\\Pipeline->Illuminate\\Pipeline\\{closure}()
#57 /home/anmol/www/html/Customization/Abhishek/web-classranker/classranker/vendor/laravel/framework/src/Illuminate/Foundation/Http/Middleware/TrimStrings.php(51): Illuminate\\Foundation\\Http\\Middleware\\TransformsRequest->handle()
#58 /home/anmol/www/html/Customization/Abhishek/web-classranker/classranker/vendor/laravel/framework/src/Illuminate/Pipeline/Pipeline.php(209): Illuminate\\Foundation\\Http\\Middleware\\TrimStrings->handle()
#59 /home/anmol/www/html/Customization/Abhishek/web-classranker/classranker/vendor/laravel/framework/src/Illuminate/Http/Middleware/ValidatePostSize.php(27): Illuminate\\Pipeline\\Pipeline->Illuminate\\Pipeline\\{closure}()
#60 /home/anmol/www/html/Customization/Abhishek/web-classranker/classranker/vendor/laravel/framework/src/Illuminate/Pipeline/Pipeline.php(209): Illuminate\\Http\\Middleware\\ValidatePostSize->handle()
#61 /home/anmol/www/html/Customization/Abhishek/web-classranker/classranker/vendor/laravel/framework/src/Illuminate/Http/Middleware/HandleCors.php(49): Illuminate\\Pipeline\\Pipeline->Illuminate\\Pipeline\\{closure}()
#62 /home/anmol/www/html/Customization/Abhishek/web-classranker/classranker/vendor/laravel/framework/src/Illuminate/Pipeline/Pipeline.php(209): Illuminate\\Http\\Middleware\\HandleCors->handle()
#63 /home/anmol/www/html/Customization/Abhishek/web-classranker/classranker/vendor/laravel/framework/src/Illuminate/Http/Middleware/TrustProxies.php(58): Illuminate\\Pipeline\\Pipeline->Illuminate\\Pipeline\\{closure}()
#64 /home/anmol/www/html/Customization/Abhishek/web-classranker/classranker/vendor/laravel/framework/src/Illuminate/Pipeline/Pipeline.php(209): Illuminate\\Http\\Middleware\\TrustProxies->handle()
#65 /home/anmol/www/html/Customization/Abhishek/web-classranker/classranker/vendor/laravel/framework/src/Illuminate/Foundation/Http/Middleware/InvokeDeferredCallbacks.php(22): Illuminate\\Pipeline\\Pipeline->Illuminate\\Pipeline\\{closure}()
#66 /home/anmol/www/html/Customization/Abhishek/web-classranker/classranker/vendor/laravel/framework/src/Illuminate/Pipeline/Pipeline.php(209): Illuminate\\Foundation\\Http\\Middleware\\InvokeDeferredCallbacks->handle()
#67 /home/anmol/www/html/Customization/Abhishek/web-classranker/classranker/vendor/laravel/framework/src/Illuminate/Pipeline/Pipeline.php(127): Illuminate\\Pipeline\\Pipeline->Illuminate\\Pipeline\\{closure}()
#68 /home/anmol/www/html/Customization/Abhishek/web-classranker/classranker/vendor/laravel/framework/src/Illuminate/Foundation/Http/Kernel.php(176): Illuminate\\Pipeline\\Pipeline->then()
#69 /home/anmol/www/html/Customization/Abhishek/web-classranker/classranker/vendor/laravel/framework/src/Illuminate/Foundation/Http/Kernel.php(145): Illuminate\\Foundation\\Http\\Kernel->sendRequestThroughRouter()
#70 /home/anmol/www/html/Customization/Abhishek/web-classranker/classranker/public/index.php(51): Illuminate\\Foundation\\Http\\Kernel->handle()
#71 {main}
"} 
[2026-02-26 01:44:23] local.ERROR: Undefined variable $boards (View: /home/anmol/www/html/Customization/Abhishek/web-classranker/classranker/packages/CustomFeature/ClassRanker/src/Resources/views/study-material/questions/index.blade.php) {"exception":"[object] (Illuminate\\View\\ViewException(code: 0): Undefined variable $boards (View: /home/anmol/www/html/Customization/Abhishek/web-classranker/classranker/packages/CustomFeature/ClassRanker/src/Resources/views/study-material/questions/index.blade.php) at /home/anmol/www/html/Customization/Abhishek/web-classranker/classranker/storage/framework/views/fe3b5c19a578c643dbcaeeaed60c126e.php:641)
[stacktrace]
#0 /home/anmol/www/html/Customization/Abhishek/web-classranker/classranker/vendor/laravel/framework/src/Illuminate/View/Engines/PhpEngine.php(60): Illuminate\\View\\Engines\\CompilerEngine->handleViewException()
#1 /home/anmol/www/html/Customization/Abhishek/web-classranker/classranker/vendor/laravel/framework/src/Illuminate/View/Engines/CompilerEngine.php(75): Illuminate\\View\\Engines\\PhpEngine->evaluatePath()
#2 /home/anmol/www/html/Customization/Abhishek/web-classranker/classranker/vendor/laravel/framework/src/Illuminate/View/View.php(209): Illuminate\\View\\Engines\\CompilerEngine->get()
#3 /home/anmol/www/html/Customization/Abhishek/web-classranker/classranker/vendor/laravel/framework/src/Illuminate/View/View.php(192): Illuminate\\View\\View->getContents()
#4 /home/anmol/www/html/Customization/Abhishek/web-classranker/classranker/vendor/laravel/framework/src/Illuminate/View/View.php(161): Illuminate\\View\\View->renderContents()
#5 /home/anmol/www/html/Customization/Abhishek/web-classranker/classranker/vendor/laravel/framework/src/Illuminate/Http/Response.php(79): Illuminate\\View\\View->render()
#6 /home/anmol/www/html/Customization/Abhishek/web-classranker/classranker/vendor/laravel/framework/src/Illuminate/Http/Response.php(35): Illuminate\\Http\\Response->setContent()
#7 /home/anmol/www/html/Customization/Abhishek/web-classranker/classranker/vendor/laravel/framework/src/Illuminate/Routing/Router.php(920): Illuminate\\Http\\Response->__construct()
#8 /home/anmol/www/html/Customization/Abhishek/web-classranker/classranker/vendor/laravel/framework/src/Illuminate/Routing/Router.php(887): Illuminate\\Routing\\Router::toResponse()
#9 /home/anmol/www/html/Customization/Abhishek/web-classranker/classranker/vendor/laravel/framework/src/Illuminate/Routing/Router.php(807): Illuminate\\Routing\\Router->prepareResponse()
#10 /home/anmol/www/html/Customization/Abhishek/web-classranker/classranker/vendor/laravel/framework/src/Illuminate/Pipeline/Pipeline.php(170): Illuminate\\Routing\\Router->Illuminate\\Routing\\{closure}()
#11 /home/anmol/www/html/Customization/Abhishek/web-classranker/classranker/packages/Webkul/Core/src/Http/Middleware/NoCacheMiddleware.php(17): Illuminate\\Pipeline\\Pipeline->Illuminate\\Pipeline\\{closure}()
#12 /home/anmol/www/html/Customization/Abhishek/web-classranker/classranker/vendor/laravel/framework/src/Illuminate/Pipeline/Pipeline.php(209): Webkul\\Core\\Http\\Middleware\\NoCacheMiddleware->handle()
#13 /home/anmol/www/html/Customization/Abhishek/web-classranker/classranker/packages/Webkul/User/src/Http/Middleware/Bouncer.php(44): Illuminate\\Pipeline\\Pipeline->Illuminate\\Pipeline\\{closure}()
#14 /home/anmol/www/html/Customization/Abhishek/web-classranker/classranker/vendor/laravel/framework/src/Illuminate/Pipeline/Pipeline.php(209): Webkul\\User\\Http\\Middleware\\Bouncer->handle()
#15 /home/anmol/www/html/Customization/Abhishek/web-classranker/classranker/packages/Webkul/Core/src/Http/Middleware/PreventRequestsDuringMaintenance.php(73): Illuminate\\Pipeline\\Pipeline->Illuminate\\Pipeline\\{closure}()
#16 /home/anmol/www/html/Customization/Abhishek/web-classranker/classranker/vendor/laravel/framework/src/Illuminate/Pipeline/Pipeline.php(209): Webkul\\Core\\Http\\Middleware\\PreventRequestsDuringMaintenance->handle()
#17 /home/anmol/www/html/Customization/Abhishek/web-classranker/classranker/vendor/barryvdh/laravel-debugbar/src/Middleware/InjectDebugbar.php(66): Illuminate\\Pipeline\\Pipeline->Illuminate\\Pipeline\\{closure}()
#18 /home/anmol/www/html/Customization/Abhishek/web-classranker/classranker/vendor/laravel/framework/src/Illuminate/Pipeline/Pipeline.php(209): Barryvdh\\Debugbar\\Middleware\\InjectDebugbar->handle()
#19 /home/anmol/www/html/Customization/Abhishek/web-classranker/classranker/vendor/laravel/framework/src/Illuminate/Routing/Middleware/SubstituteBindings.php(51): Illuminate\\Pipeline\\Pipeline->Illuminate\\Pipeline\\{closure}()
#20 /home/anmol/www/html/Customization/Abhishek/web-classranker/classranker/vendor/laravel/framework/src/Illuminate/Pipeline/Pipeline.php(209): Illuminate\\Routing\\Middleware\\SubstituteBindings->handle()
#21 /home/anmol/www/html/Customization/Abhishek/web-classranker/classranker/vendor/laravel/framework/src/Illuminate/Foundation/Http/Middleware/VerifyCsrfToken.php(88): Illuminate\\Pipeline\\Pipeline->Illuminate\\Pipeline\\{closure}()
#22 /home/anmol/www/html/Customization/Abhishek/web-classranker/classranker/vendor/laravel/framework/src/Illuminate/Pipeline/Pipeline.php(209): Illuminate\\Foundation\\Http\\Middleware\\VerifyCsrfToken->handle()
#23 /home/anmol/www/html/Customization/Abhishek/web-classranker/classranker/vendor/laravel/framework/src/Illuminate/View/Middleware/ShareErrorsFromSession.php(49): Illuminate\\Pipeline\\Pipeline->Illuminate\\Pipeline\\{closure}()
#24 /home/anmol/www/html/Customization/Abhishek/web-classranker/classranker/vendor/laravel/framework/src/Illuminate/Pipeline/Pipeline.php(209): Illuminate\\View\\Middleware\\ShareErrorsFromSession->handle()
#25 /home/anmol/www/html/Customization/Abhishek/web-classranker/classranker/vendor/laravel/framework/src/Illuminate/Session/Middleware/StartSession.php(121): Illuminate\\Pipeline\\Pipeline->Illuminate\\Pipeline\\{closure}()
#26 /home/anmol/www/html/Customization/Abhishek/web-classranker/classranker/vendor/laravel/framework/src/Illuminate/Session/Middleware/StartSession.php(64): Illuminate\\Session\\Middleware\\StartSession->handleStatefulRequest()
#27 /home/anmol/www/html/Customization/Abhishek/web-classranker/classranker/vendor/laravel/framework/src/Illuminate/Pipeline/Pipeline.php(209): Illuminate\\Session\\Middleware\\StartSession->handle()
#28 /home/anmol/www/html/Customization/Abhishek/web-classranker/classranker/vendor/laravel/framework/src/Illuminate/Cookie/Middleware/AddQueuedCookiesToResponse.php(37): Illuminate\\Pipeline\\Pipeline->Illuminate\\Pipeline\\{closure}()
#29 /home/anmol/www/html/Customization/Abhishek/web-classranker/classranker/vendor/laravel/framework/src/Illuminate/Pipeline/Pipeline.php(209): Illuminate\\Cookie\\Middleware\\AddQueuedCookiesToResponse->handle()
#30 /home/anmol/www/html/Customization/Abhishek/web-classranker/classranker/vendor/laravel/framework/src/Illuminate/Cookie/Middleware/EncryptCookies.php(75): Illuminate\\Pipeline\\Pipeline->Illuminate\\Pipeline\\{closure}()
#31 /home/anmol/www/html/Customization/Abhishek/web-classranker/classranker/vendor/laravel/framework/src/Illuminate/Pipeline/Pipeline.php(209): Illuminate\\Cookie\\Middleware\\EncryptCookies->handle()
#32 /home/anmol/www/html/Customization/Abhishek/web-classranker/classranker/vendor/laravel/framework/src/Illuminate/Pipeline/Pipeline.php(127): Illuminate\\Pipeline\\Pipeline->Illuminate\\Pipeline\\{closure}()
#33 /home/anmol/www/html/Customization/Abhishek/web-classranker/classranker/vendor/laravel/framework/src/Illuminate/Routing/Router.php(807): Illuminate\\Pipeline\\Pipeline->then()
#34 /home/anmol/www/html/Customization/Abhishek/web-classranker/classranker/vendor/laravel/framework/src/Illuminate/Routing/Router.php(786): Illuminate\\Routing\\Router->runRouteWithinStack()
#35 /home/anmol/www/html/Customization/Abhishek/web-classranker/classranker/vendor/laravel/framework/src/Illuminate/Routing/Router.php(750): Illuminate\\Routing\\Router->runRoute()
#36 /home/anmol/www/html/Customization/Abhishek/web-classranker/classranker/vendor/laravel/framework/src/Illuminate/Routing/Router.php(739): Illuminate\\Routing\\Router->dispatchToRoute()
#37 /home/anmol/www/html/Customization/Abhishek/web-classranker/classranker/vendor/laravel/framework/src/Illuminate/Foundation/Http/Kernel.php(201): Illuminate\\Routing\\Router->dispatch()
#38 /home/anmol/www/html/Customization/Abhishek/web-classranker/classranker/vendor/laravel/framework/src/Illuminate/Pipeline/Pipeline.php(170): Illuminate\\Foundation\\Http\\Kernel->Illuminate\\Foundation\\Http\\{closure}()
#39 /home/anmol/www/html/Customization/Abhishek/web-classranker/classranker/vendor/barryvdh/laravel-debugbar/src/Middleware/InjectDebugbar.php(66): Illuminate\\Pipeline\\Pipeline->Illuminate\\Pipeline\\{closure}()
#40 /home/anmol/www/html/Customization/Abhishek/web-classranker/classranker/vendor/laravel/framework/src/Illuminate/Pipeline/Pipeline.php(209): Barryvdh\\Debugbar\\Middleware\\InjectDebugbar->handle()
#41 /home/anmol/www/html/Customization/Abhishek/web-classranker/classranker/packages/Webkul/Installer/src/Http/Middleware/CanInstall.php(36): Illuminate\\Pipeline\\Pipeline->Illuminate\\Pipeline\\{closure}()
#42 /home/anmol/www/html/Customization/Abhishek/web-classranker/classranker/vendor/laravel/framework/src/Illuminate/Pipeline/Pipeline.php(209): Webkul\\Installer\\Http\\Middleware\\CanInstall->handle()
#43 /home/anmol/www/html/Customization/Abhishek/web-classranker/classranker/packages/Webkul/Core/src/Http/Middleware/SecureHeaders.php(26): Illuminate\\Pipeline\\Pipeline->Illuminate\\Pipeline\\{closure}()
#44 /home/anmol/www/html/Customization/Abhishek/web-classranker/classranker/vendor/laravel/framework/src/Illuminate/Pipeline/Pipeline.php(209): Webkul\\Core\\Http\\Middleware\\SecureHeaders->handle()
#45 /home/anmol/www/html/Customization/Abhishek/web-classranker/classranker/vendor/laravel/framework/src/Illuminate/Foundation/Http/Middleware/TransformsRequest.php(21): Illuminate\\Pipeline\\Pipeline->Illuminate\\Pipeline\\{closure}()
#46 /home/anmol/www/html/Customization/Abhishek/web-classranker/classranker/vendor/laravel/framework/src/Illuminate/Foundation/Http/Middleware/TrimStrings.php(51): Illuminate\\Foundation\\Http\\Middleware\\TransformsRequest->handle()
#47 /home/anmol/www/html/Customization/Abhishek/web-classranker/classranker/vendor/laravel/framework/src/Illuminate/Pipeline/Pipeline.php(209): Illuminate\\Foundation\\Http\\Middleware\\TrimStrings->handle()
#48 /home/anmol/www/html/Customization/Abhishek/web-classranker/classranker/vendor/laravel/framework/src/Illuminate/Http/Middleware/ValidatePostSize.php(27): Illuminate\\Pipeline\\Pipeline->Illuminate\\Pipeline\\{closure}()
#49 /home/anmol/www/html/Customization/Abhishek/web-classranker/classranker/vendor/laravel/framework/src/Illuminate/Pipeline/Pipeline.php(209): Illuminate\\Http\\Middleware\\ValidatePostSize->handle()
#50 /home/anmol/www/html/Customization/Abhishek/web-classranker/classranker/vendor/laravel/framework/src/Illuminate/Http/Middleware/HandleCors.php(49): Illuminate\\Pipeline\\Pipeline->Illuminate\\Pipeline\\{closure}()
#51 /home/anmol/www/html/Customization/Abhishek/web-classranker/classranker/vendor/laravel/framework/src/Illuminate/Pipeline/Pipeline.php(209): Illuminate\\Http\\Middleware\\HandleCors->handle()
#52 /home/anmol/www/html/Customization/Abhishek/web-classranker/classranker/vendor/laravel/framework/src/Illuminate/Http/Middleware/TrustProxies.php(58): Illuminate\\Pipeline\\Pipeline->Illuminate\\Pipeline\\{closure}()
#53 /home/anmol/www/html/Customization/Abhishek/web-classranker/classranker/vendor/laravel/framework/src/Illuminate/Pipeline/Pipeline.php(209): Illuminate\\Http\\Middleware\\TrustProxies->handle()
#54 /home/anmol/www/html/Customization/Abhishek/web-classranker/classranker/vendor/laravel/framework/src/Illuminate/Foundation/Http/Middleware/InvokeDeferredCallbacks.php(22): Illuminate\\Pipeline\\Pipeline->Illuminate\\Pipeline\\{closure}()
#55 /home/anmol/www/html/Customization/Abhishek/web-classranker/classranker/vendor/laravel/framework/src/Illuminate/Pipeline/Pipeline.php(209): Illuminate\\Foundation\\Http\\Middleware\\InvokeDeferredCallbacks->handle()
#56 /home/anmol/www/html/Customization/Abhishek/web-classranker/classranker/vendor/laravel/framework/src/Illuminate/Pipeline/Pipeline.php(127): Illuminate\\Pipeline\\Pipeline->Illuminate\\Pipeline\\{closure}()
#57 /home/anmol/www/html/Customization/Abhishek/web-classranker/classranker/vendor/laravel/framework/src/Illuminate/Foundation/Http/Kernel.php(176): Illuminate\\Pipeline\\Pipeline->then()
#58 /home/anmol/www/html/Customization/Abhishek/web-classranker/classranker/vendor/laravel/framework/src/Illuminate/Foundation/Http/Kernel.php(145): Illuminate\\Foundation\\Http\\Kernel->sendRequestThroughRouter()
#59 /home/anmol/www/html/Customization/Abhishek/web-classranker/classranker/public/index.php(51): Illuminate\\Foundation\\Http\\Kernel->handle()
#60 {main}

[previous exception] [object] (ErrorException(code: 0): Undefined variable $boards at /home/anmol/www/html/Customization/Abhishek/web-classranker/classranker/storage/framework/views/fe3b5c19a578c643dbcaeeaed60c126e.php:641)
[stacktrace]
#0 /home/anmol/www/html/Customization/Abhishek/web-classranker/classranker/vendor/laravel/framework/src/Illuminate/Foundation/Bootstrap/HandleExceptions.php(256): Illuminate\\Foundation\\Bootstrap\\HandleExceptions->handleError()
#1 /home/anmol/www/html/Customization/Abhishek/web-classranker/classranker/storage/framework/views/fe3b5c19a578c643dbcaeeaed60c126e.php(641): Illuminate\\Foundation\\Bootstrap\\HandleExceptions->Illuminate\\Foundation\\Bootstrap\\{closure}()
#2 /home/anmol/www/html/Customization/Abhishek/web-classranker/classranker/vendor/laravel/framework/src/Illuminate/Filesystem/Filesystem.php(123): require('...')
#3 /home/anmol/www/html/Customization/Abhishek/web-classranker/classranker/vendor/laravel/framework/src/Illuminate/Filesystem/Filesystem.php(124): Illuminate\\Filesystem\\Filesystem::Illuminate\\Filesystem\\{closure}()
#4 /home/anmol/www/html/Customization/Abhishek/web-classranker/classranker/vendor/laravel/framework/src/Illuminate/View/Engines/PhpEngine.php(58): Illuminate\\Filesystem\\Filesystem->getRequire()
#5 /home/anmol/www/html/Customization/Abhishek/web-classranker/classranker/vendor/laravel/framework/src/Illuminate/View/Engines/CompilerEngine.php(75): Illuminate\\View\\Engines\\PhpEngine->evaluatePath()
#6 /home/anmol/www/html/Customization/Abhishek/web-classranker/classranker/vendor/laravel/framework/src/Illuminate/View/View.php(209): Illuminate\\View\\Engines\\CompilerEngine->get()
#7 /home/anmol/www/html/Customization/Abhishek/web-classranker/classranker/vendor/laravel/framework/src/Illuminate/View/View.php(192): Illuminate\\View\\View->getContents()
#8 /home/anmol/www/html/Customization/Abhishek/web-classranker/classranker/vendor/laravel/framework/src/Illuminate/View/View.php(161): Illuminate\\View\\View->renderContents()
#9 /home/anmol/www/html/Customization/Abhishek/web-classranker/classranker/vendor/laravel/framework/src/Illuminate/Http/Response.php(79): Illuminate\\View\\View->render()
#10 /home/anmol/www/html/Customization/Abhishek/web-classranker/classranker/vendor/laravel/framework/src/Illuminate/Http/Response.php(35): Illuminate\\Http\\Response->setContent()
#11 /home/anmol/www/html/Customization/Abhishek/web-classranker/classranker/vendor/laravel/framework/src/Illuminate/Routing/Router.php(920): Illuminate\\Http\\Response->__construct()
#12 /home/anmol/www/html/Customization/Abhishek/web-classranker/classranker/vendor/laravel/framework/src/Illuminate/Routing/Router.php(887): Illuminate\\Routing\\Router::toResponse()
#13 /home/anmol/www/html/Customization/Abhishek/web-classranker/classranker/vendor/laravel/framework/src/Illuminate/Routing/Router.php(807): Illuminate\\Routing\\Router->prepareResponse()
#14 /home/anmol/www/html/Customization/Abhishek/web-classranker/classranker/vendor/laravel/framework/src/Illuminate/Pipeline/Pipeline.php(170): Illuminate\\Routing\\Router->Illuminate\\Routing\\{closure}()
#15 /home/anmol/www/html/Customization/Abhishek/web-classranker/classranker/packages/Webkul/Core/src/Http/Middleware/NoCacheMiddleware.php(17): Illuminate\\Pipeline\\Pipeline->Illuminate\\Pipeline\\{closure}()
#16 /home/anmol/www/html/Customization/Abhishek/web-classranker/classranker/vendor/laravel/framework/src/Illuminate/Pipeline/Pipeline.php(209): Webkul\\Core\\Http\\Middleware\\NoCacheMiddleware->handle()
#17 /home/anmol/www/html/Customization/Abhishek/web-classranker/classranker/packages/Webkul/User/src/Http/Middleware/Bouncer.php(44): Illuminate\\Pipeline\\Pipeline->Illuminate\\Pipeline\\{closure}()
#18 /home/anmol/www/html/Customization/Abhishek/web-classranker/classranker/vendor/laravel/framework/src/Illuminate/Pipeline/Pipeline.php(209): Webkul\\User\\Http\\Middleware\\Bouncer->handle()
#19 /home/anmol/www/html/Customization/Abhishek/web-classranker/classranker/packages/Webkul/Core/src/Http/Middleware/PreventRequestsDuringMaintenance.php(73): Illuminate\\Pipeline\\Pipeline->Illuminate\\Pipeline\\{closure}()
#20 /home/anmol/www/html/Customization/Abhishek/web-classranker/classranker/vendor/laravel/framework/src/Illuminate/Pipeline/Pipeline.php(209): Webkul\\Core\\Http\\Middleware\\PreventRequestsDuringMaintenance->handle()
#21 /home/anmol/www/html/Customization/Abhishek/web-classranker/classranker/vendor/barryvdh/laravel-debugbar/src/Middleware/InjectDebugbar.php(66): Illuminate\\Pipeline\\Pipeline->Illuminate\\Pipeline\\{closure}()
#22 /home/anmol/www/html/Customization/Abhishek/web-classranker/classranker/vendor/laravel/framework/src/Illuminate/Pipeline/Pipeline.php(209): Barryvdh\\Debugbar\\Middleware\\InjectDebugbar->handle()
#23 /home/anmol/www/html/Customization/Abhishek/web-classranker/classranker/vendor/laravel/framework/src/Illuminate/Routing/Middleware/SubstituteBindings.php(51): Illuminate\\Pipeline\\Pipeline->Illuminate\\Pipeline\\{closure}()
#24 /home/anmol/www/html/Customization/Abhishek/web-classranker/classranker/vendor/laravel/framework/src/Illuminate/Pipeline/Pipeline.php(209): Illuminate\\Routing\\Middleware\\SubstituteBindings->handle()
#25 /home/anmol/www/html/Customization/Abhishek/web-classranker/classranker/vendor/laravel/framework/src/Illuminate/Foundation/Http/Middleware/VerifyCsrfToken.php(88): Illuminate\\Pipeline\\Pipeline->Illuminate\\Pipeline\\{closure}()
#26 /home/anmol/www/html/Customization/Abhishek/web-classranker/classranker/vendor/laravel/framework/src/Illuminate/Pipeline/Pipeline.php(209): Illuminate\\Foundation\\Http\\Middleware\\VerifyCsrfToken->handle()
#27 /home/anmol/www/html/Customization/Abhishek/web-classranker/classranker/vendor/laravel/framework/src/Illuminate/View/Middleware/ShareErrorsFromSession.php(49): Illuminate\\Pipeline\\Pipeline->Illuminate\\Pipeline\\{closure}()
#28 /home/anmol/www/html/Customization/Abhishek/web-classranker/classranker/vendor/laravel/framework/src/Illuminate/Pipeline/Pipeline.php(209): Illuminate\\View\\Middleware\\ShareErrorsFromSession->handle()
#29 /home/anmol/www/html/Customization/Abhishek/web-classranker/classranker/vendor/laravel/framework/src/Illuminate/Session/Middleware/StartSession.php(121): Illuminate\\Pipeline\\Pipeline->Illuminate\\Pipeline\\{closure}()
#30 /home/anmol/www/html/Customization/Abhishek/web-classranker/classranker/vendor/laravel/framework/src/Illuminate/Session/Middleware/StartSession.php(64): Illuminate\\Session\\Middleware\\StartSession->handleStatefulRequest()
#31 /home/anmol/www/html/Customization/Abhishek/web-classranker/classranker/vendor/laravel/framework/src/Illuminate/Pipeline/Pipeline.php(209): Illuminate\\Session\\Middleware\\StartSession->handle()
#32 /home/anmol/www/html/Customization/Abhishek/web-classranker/classranker/vendor/laravel/framework/src/Illuminate/Cookie/Middleware/AddQueuedCookiesToResponse.php(37): Illuminate\\Pipeline\\Pipeline->Illuminate\\Pipeline\\{closure}()
#33 /home/anmol/www/html/Customization/Abhishek/web-classranker/classranker/vendor/laravel/framework/src/Illuminate/Pipeline/Pipeline.php(209): Illuminate\\Cookie\\Middleware\\AddQueuedCookiesToResponse->handle()
#34 /home/anmol/www/html/Customization/Abhishek/web-classranker/classranker/vendor/laravel/framework/src/Illuminate/Cookie/Middleware/EncryptCookies.php(75): Illuminate\\Pipeline\\Pipeline->Illuminate\\Pipeline\\{closure}()
#35 /home/anmol/www/html/Customization/Abhishek/web-classranker/classranker/vendor/laravel/framework/src/Illuminate/Pipeline/Pipeline.php(209): Illuminate\\Cookie\\Middleware\\EncryptCookies->handle()
#36 /home/anmol/www/html/Customization/Abhishek/web-classranker/classranker/vendor/laravel/framework/src/Illuminate/Pipeline/Pipeline.php(127): Illuminate\\Pipeline\\Pipeline->Illuminate\\Pipeline\\{closure}()
#37 /home/anmol/www/html/Customization/Abhishek/web-classranker/classranker/vendor/laravel/framework/src/Illuminate/Routing/Router.php(807): Illuminate\\Pipeline\\Pipeline->then()
#38 /home/anmol/www/html/Customization/Abhishek/web-classranker/classranker/vendor/laravel/framework/src/Illuminate/Routing/Router.php(786): Illuminate\\Routing\\Router->runRouteWithinStack()
#39 /home/anmol/www/html/Customization/Abhishek/web-classranker/classranker/vendor/laravel/framework/src/Illuminate/Routing/Router.php(750): Illuminate\\Routing\\Router->runRoute()
#40 /home/anmol/www/html/Customization/Abhishek/web-classranker/classranker/vendor/laravel/framework/src/Illuminate/Routing/Router.php(739): Illuminate\\Routing\\Router->dispatchToRoute()
#41 /home/anmol/www/html/Customization/Abhishek/web-classranker/classranker/vendor/laravel/framework/src/Illuminate/Foundation/Http/Kernel.php(201): Illuminate\\Routing\\Router->dispatch()
#42 /home/anmol/www/html/Customization/Abhishek/web-classranker/classranker/vendor/laravel/framework/src/Illuminate/Pipeline/Pipeline.php(170): Illuminate\\Foundation\\Http\\Kernel->Illuminate\\Foundation\\Http\\{closure}()
#43 /home/anmol/www/html/Customization/Abhishek/web-classranker/classranker/vendor/barryvdh/laravel-debugbar/src/Middleware/InjectDebugbar.php(66): Illuminate\\Pipeline\\Pipeline->Illuminate\\Pipeline\\{closure}()
#44 /home/anmol/www/html/Customization/Abhishek/web-classranker/classranker/vendor/laravel/framework/src/Illuminate/Pipeline/Pipeline.php(209): Barryvdh\\Debugbar\\Middleware\\InjectDebugbar->handle()
#45 /home/anmol/www/html/Customization/Abhishek/web-classranker/classranker/packages/Webkul/Installer/src/Http/Middleware/CanInstall.php(36): Illuminate\\Pipeline\\Pipeline->Illuminate\\Pipeline\\{closure}()
#46 /home/anmol/www/html/Customization/Abhishek/web-classranker/classranker/vendor/laravel/framework/src/Illuminate/Pipeline/Pipeline.php(209): Webkul\\Installer\\Http\\Middleware\\CanInstall->handle()
#47 /home/anmol/www/html/Customization/Abhishek/web-classranker/classranker/packages/Webkul/Core/src/Http/Middleware/SecureHeaders.php(26): Illuminate\\Pipeline\\Pipeline->Illuminate\\Pipeline\\{closure}()
#48 /home/anmol/www/html/Customization/Abhishek/web-classranker/classranker/vendor/laravel/framework/src/Illuminate/Pipeline/Pipeline.php(209): Webkul\\Core\\Http\\Middleware\\SecureHeaders->handle()
#49 /home/anmol/www/html/Customization/Abhishek/web-classranker/classranker/vendor/laravel/framework/src/Illuminate/Foundation/Http/Middleware/TransformsRequest.php(21): Illuminate\\Pipeline\\Pipeline->Illuminate\\Pipeline\\{closure}()
#50 /home/anmol/www/html/Customization/Abhishek/web-classranker/classranker/vendor/laravel/framework/src/Illuminate/Foundation/Http/Middleware/TrimStrings.php(51): Illuminate\\Foundation\\Http\\Middleware\\TransformsRequest->handle()
#51 /home/anmol/www/html/Customization/Abhishek/web-classranker/classranker/vendor/laravel/framework/src/Illuminate/Pipeline/Pipeline.php(209): Illuminate\\Foundation\\Http\\Middleware\\TrimStrings->handle()
#52 /home/anmol/www/html/Customization/Abhishek/web-classranker/classranker/vendor/laravel/framework/src/Illuminate/Http/Middleware/ValidatePostSize.php(27): Illuminate\\Pipeline\\Pipeline->Illuminate\\Pipeline\\{closure}()
#53 /home/anmol/www/html/Customization/Abhishek/web-classranker/classranker/vendor/laravel/framework/src/Illuminate/Pipeline/Pipeline.php(209): Illuminate\\Http\\Middleware\\ValidatePostSize->handle()
#54 /home/anmol/www/html/Customization/Abhishek/web-classranker/classranker/vendor/laravel/framework/src/Illuminate/Http/Middleware/HandleCors.php(49): Illuminate\\Pipeline\\Pipeline->Illuminate\\Pipeline\\{closure}()
#55 /home/anmol/www/html/Customization/Abhishek/web-classranker/classranker/vendor/laravel/framework/src/Illuminate/Pipeline/Pipeline.php(209): Illuminate\\Http\\Middleware\\HandleCors->handle()
#56 /home/anmol/www/html/Customization/Abhishek/web-classranker/classranker/vendor/laravel/framework/src/Illuminate/Http/Middleware/TrustProxies.php(58): Illuminate\\Pipeline\\Pipeline->Illuminate\\Pipeline\\{closure}()
#57 /home/anmol/www/html/Customization/Abhishek/web-classranker/classranker/vendor/laravel/framework/src/Illuminate/Pipeline/Pipeline.php(209): Illuminate\\Http\\Middleware\\TrustProxies->handle()
#58 /home/anmol/www/html/Customization/Abhishek/web-classranker/classranker/vendor/laravel/framework/src/Illuminate/Foundation/Http/Middleware/InvokeDeferredCallbacks.php(22): Illuminate\\Pipeline\\Pipeline->Illuminate\\Pipeline\\{closure}()
#59 /home/anmol/www/html/Customization/Abhishek/web-classranker/classranker/vendor/laravel/framework/src/Illuminate/Pipeline/Pipeline.php(209): Illuminate\\Foundation\\Http\\Middleware\\InvokeDeferredCallbacks->handle()
#60 /home/anmol/www/html/Customization/Abhishek/web-classranker/classranker/vendor/laravel/framework/src/Illuminate/Pipeline/Pipeline.php(127): Illuminate\\Pipeline\\Pipeline->Illuminate\\Pipeline\\{closure}()
#61 /home/anmol/www/html/Customization/Abhishek/web-classranker/classranker/vendor/laravel/framework/src/Illuminate/Foundation/Http/Kernel.php(176): Illuminate\\Pipeline\\Pipeline->then()
#62 /home/anmol/www/html/Customization/Abhishek/web-classranker/classranker/vendor/laravel/framework/src/Illuminate/Foundation/Http/Kernel.php(145): Illuminate\\Foundation\\Http\\Kernel->sendRequestThroughRouter()
#63 /home/anmol/www/html/Customization/Abhishek/web-classranker/classranker/public/index.php(51): Illuminate\\Foundation\\Http\\Kernel->handle()
#64 {main}
"} 
[2026-02-26 23:13:35] local.ERROR: Method CustomFeature\Subject\Http\Controllers\SubjectController::addFaq does not exist. {"exception":"[object] (BadMethodCallException(code: 0): Method CustomFeature\\Subject\\Http\\Controllers\\SubjectController::addFaq does not exist. at /home/anmol/www/html/Customization/Abhishek/web-classranker/classranker/vendor/laravel/framework/src/Illuminate/Routing/Controller.php:68)
[stacktrace]
#0 /home/anmol/www/html/Customization/Abhishek/web-classranker/classranker/vendor/laravel/framework/src/Illuminate/Routing/Controller.php(54): Illuminate\\Routing\\Controller->__call()
#1 /home/anmol/www/html/Customization/Abhishek/web-classranker/classranker/vendor/laravel/framework/src/Illuminate/Routing/ControllerDispatcher.php(44): Illuminate\\Routing\\Controller->callAction()
#2 /home/anmol/www/html/Customization/Abhishek/web-classranker/classranker/vendor/laravel/framework/src/Illuminate/Routing/Route.php(266): Illuminate\\Routing\\ControllerDispatcher->dispatch()
#3 /home/anmol/www/html/Customization/Abhishek/web-classranker/classranker/vendor/laravel/framework/src/Illuminate/Routing/Route.php(212): Illuminate\\Routing\\Route->runController()
#4 /home/anmol/www/html/Customization/Abhishek/web-classranker/classranker/vendor/laravel/framework/src/Illuminate/Routing/Router.php(808): Illuminate\\Routing\\Route->run()
#5 /home/anmol/www/html/Customization/Abhishek/web-classranker/classranker/vendor/laravel/framework/src/Illuminate/Pipeline/Pipeline.php(170): Illuminate\\Routing\\Router->Illuminate\\Routing\\{closure}()
#6 /home/anmol/www/html/Customization/Abhishek/web-classranker/classranker/packages/Webkul/Core/src/Http/Middleware/NoCacheMiddleware.php(17): Illuminate\\Pipeline\\Pipeline->Illuminate\\Pipeline\\{closure}()
#7 /home/anmol/www/html/Customization/Abhishek/web-classranker/classranker/vendor/laravel/framework/src/Illuminate/Pipeline/Pipeline.php(209): Webkul\\Core\\Http\\Middleware\\NoCacheMiddleware->handle()
#8 /home/anmol/www/html/Customization/Abhishek/web-classranker/classranker/packages/Webkul/User/src/Http/Middleware/Bouncer.php(44): Illuminate\\Pipeline\\Pipeline->Illuminate\\Pipeline\\{closure}()
#9 /home/anmol/www/html/Customization/Abhishek/web-classranker/classranker/vendor/laravel/framework/src/Illuminate/Pipeline/Pipeline.php(209): Webkul\\User\\Http\\Middleware\\Bouncer->handle()
#10 /home/anmol/www/html/Customization/Abhishek/web-classranker/classranker/packages/Webkul/Core/src/Http/Middleware/PreventRequestsDuringMaintenance.php(73): Illuminate\\Pipeline\\Pipeline->Illuminate\\Pipeline\\{closure}()
#11 /home/anmol/www/html/Customization/Abhishek/web-classranker/classranker/vendor/laravel/framework/src/Illuminate/Pipeline/Pipeline.php(209): Webkul\\Core\\Http\\Middleware\\PreventRequestsDuringMaintenance->handle()
#12 /home/anmol/www/html/Customization/Abhishek/web-classranker/classranker/vendor/barryvdh/laravel-debugbar/src/Middleware/InjectDebugbar.php(66): Illuminate\\Pipeline\\Pipeline->Illuminate\\Pipeline\\{closure}()
#13 /home/anmol/www/html/Customization/Abhishek/web-classranker/classranker/vendor/laravel/framework/src/Illuminate/Pipeline/Pipeline.php(209): Barryvdh\\Debugbar\\Middleware\\InjectDebugbar->handle()
#14 /home/anmol/www/html/Customization/Abhishek/web-classranker/classranker/vendor/laravel/framework/src/Illuminate/Routing/Middleware/SubstituteBindings.php(51): Illuminate\\Pipeline\\Pipeline->Illuminate\\Pipeline\\{closure}()
#15 /home/anmol/www/html/Customization/Abhishek/web-classranker/classranker/vendor/laravel/framework/src/Illuminate/Pipeline/Pipeline.php(209): Illuminate\\Routing\\Middleware\\SubstituteBindings->handle()
#16 /home/anmol/www/html/Customization/Abhishek/web-classranker/classranker/vendor/laravel/framework/src/Illuminate/Foundation/Http/Middleware/VerifyCsrfToken.php(88): Illuminate\\Pipeline\\Pipeline->Illuminate\\Pipeline\\{closure}()
#17 /home/anmol/www/html/Customization/Abhishek/web-classranker/classranker/vendor/laravel/framework/src/Illuminate/Pipeline/Pipeline.php(209): Illuminate\\Foundation\\Http\\Middleware\\VerifyCsrfToken->handle()
#18 /home/anmol/www/html/Customization/Abhishek/web-classranker/classranker/vendor/laravel/framework/src/Illuminate/View/Middleware/ShareErrorsFromSession.php(49): Illuminate\\Pipeline\\Pipeline->Illuminate\\Pipeline\\{closure}()
#19 /home/anmol/www/html/Customization/Abhishek/web-classranker/classranker/vendor/laravel/framework/src/Illuminate/Pipeline/Pipeline.php(209): Illuminate\\View\\Middleware\\ShareErrorsFromSession->handle()
#20 /home/anmol/www/html/Customization/Abhishek/web-classranker/classranker/vendor/laravel/framework/src/Illuminate/Session/Middleware/StartSession.php(121): Illuminate\\Pipeline\\Pipeline->Illuminate\\Pipeline\\{closure}()
#21 /home/anmol/www/html/Customization/Abhishek/web-classranker/classranker/vendor/laravel/framework/src/Illuminate/Session/Middleware/StartSession.php(64): Illuminate\\Session\\Middleware\\StartSession->handleStatefulRequest()
#22 /home/anmol/www/html/Customization/Abhishek/web-classranker/classranker/vendor/laravel/framework/src/Illuminate/Pipeline/Pipeline.php(209): Illuminate\\Session\\Middleware\\StartSession->handle()
#23 /home/anmol/www/html/Customization/Abhishek/web-classranker/classranker/vendor/laravel/framework/src/Illuminate/Cookie/Middleware/AddQueuedCookiesToResponse.php(37): Illuminate\\Pipeline\\Pipeline->Illuminate\\Pipeline\\{closure}()
#24 /home/anmol/www/html/Customization/Abhishek/web-classranker/classranker/vendor/laravel/framework/src/Illuminate/Pipeline/Pipeline.php(209): Illuminate\\Cookie\\Middleware\\AddQueuedCookiesToResponse->handle()
#25 /home/anmol/www/html/Customization/Abhishek/web-classranker/classranker/vendor/laravel/framework/src/Illuminate/Cookie/Middleware/EncryptCookies.php(75): Illuminate\\Pipeline\\Pipeline->Illuminate\\Pipeline\\{closure}()
#26 /home/anmol/www/html/Customization/Abhishek/web-classranker/classranker/vendor/laravel/framework/src/Illuminate/Pipeline/Pipeline.php(209): Illuminate\\Cookie\\Middleware\\EncryptCookies->handle()
#27 /home/anmol/www/html/Customization/Abhishek/web-classranker/classranker/vendor/laravel/framework/src/Illuminate/Pipeline/Pipeline.php(127): Illuminate\\Pipeline\\Pipeline->Illuminate\\Pipeline\\{closure}()
#28 /home/anmol/www/html/Customization/Abhishek/web-classranker/classranker/vendor/laravel/framework/src/Illuminate/Routing/Router.php(807): Illuminate\\Pipeline\\Pipeline->then()
#29 /home/anmol/www/html/Customization/Abhishek/web-classranker/classranker/vendor/laravel/framework/src/Illuminate/Routing/Router.php(786): Illuminate\\Routing\\Router->runRouteWithinStack()
#30 /home/anmol/www/html/Customization/Abhishek/web-classranker/classranker/vendor/laravel/framework/src/Illuminate/Routing/Router.php(750): Illuminate\\Routing\\Router->runRoute()
#31 /home/anmol/www/html/Customization/Abhishek/web-classranker/classranker/vendor/laravel/framework/src/Illuminate/Routing/Router.php(739): Illuminate\\Routing\\Router->dispatchToRoute()
#32 /home/anmol/www/html/Customization/Abhishek/web-classranker/classranker/vendor/laravel/framework/src/Illuminate/Foundation/Http/Kernel.php(201): Illuminate\\Routing\\Router->dispatch()
#33 /home/anmol/www/html/Customization/Abhishek/web-classranker/classranker/vendor/laravel/framework/src/Illuminate/Pipeline/Pipeline.php(170): Illuminate\\Foundation\\Http\\Kernel->Illuminate\\Foundation\\Http\\{closure}()
#34 /home/anmol/www/html/Customization/Abhishek/web-classranker/classranker/vendor/barryvdh/laravel-debugbar/src/Middleware/InjectDebugbar.php(66): Illuminate\\Pipeline\\Pipeline->Illuminate\\Pipeline\\{closure}()
#35 /home/anmol/www/html/Customization/Abhishek/web-classranker/classranker/vendor/laravel/framework/src/Illuminate/Pipeline/Pipeline.php(209): Barryvdh\\Debugbar\\Middleware\\InjectDebugbar->handle()
#36 /home/anmol/www/html/Customization/Abhishek/web-classranker/classranker/packages/Webkul/Installer/src/Http/Middleware/CanInstall.php(36): Illuminate\\Pipeline\\Pipeline->Illuminate\\Pipeline\\{closure}()
#37 /home/anmol/www/html/Customization/Abhishek/web-classranker/classranker/vendor/laravel/framework/src/Illuminate/Pipeline/Pipeline.php(209): Webkul\\Installer\\Http\\Middleware\\CanInstall->handle()
#38 /home/anmol/www/html/Customization/Abhishek/web-classranker/classranker/packages/Webkul/Core/src/Http/Middleware/SecureHeaders.php(26): Illuminate\\Pipeline\\Pipeline->Illuminate\\Pipeline\\{closure}()
#39 /home/anmol/www/html/Customization/Abhishek/web-classranker/classranker/vendor/laravel/framework/src/Illuminate/Pipeline/Pipeline.php(209): Webkul\\Core\\Http\\Middleware\\SecureHeaders->handle()
#40 /home/anmol/www/html/Customization/Abhishek/web-classranker/classranker/vendor/laravel/framework/src/Illuminate/Foundation/Http/Middleware/TransformsRequest.php(21): Illuminate\\Pipeline\\Pipeline->Illuminate\\Pipeline\\{closure}()
#41 /home/anmol/www/html/Customization/Abhishek/web-classranker/classranker/vendor/laravel/framework/src/Illuminate/Foundation/Http/Middleware/TrimStrings.php(51): Illuminate\\Foundation\\Http\\Middleware\\TransformsRequest->handle()
#42 /home/anmol/www/html/Customization/Abhishek/web-classranker/classranker/vendor/laravel/framework/src/Illuminate/Pipeline/Pipeline.php(209): Illuminate\\Foundation\\Http\\Middleware\\TrimStrings->handle()
#43 /home/anmol/www/html/Customization/Abhishek/web-classranker/classranker/vendor/laravel/framework/src/Illuminate/Http/Middleware/ValidatePostSize.php(27): Illuminate\\Pipeline\\Pipeline->Illuminate\\Pipeline\\{closure}()
#44 /home/anmol/www/html/Customization/Abhishek/web-classranker/classranker/vendor/laravel/framework/src/Illuminate/Pipeline/Pipeline.php(209): Illuminate\\Http\\Middleware\\ValidatePostSize->handle()
#45 /home/anmol/www/html/Customization/Abhishek/web-classranker/classranker/vendor/laravel/framework/src/Illuminate/Http/Middleware/HandleCors.php(49): Illuminate\\Pipeline\\Pipeline->Illuminate\\Pipeline\\{closure}()
#46 /home/anmol/www/html/Customization/Abhishek/web-classranker/classranker/vendor/laravel/framework/src/Illuminate/Pipeline/Pipeline.php(209): Illuminate\\Http\\Middleware\\HandleCors->handle()
#47 /home/anmol/www/html/Customization/Abhishek/web-classranker/classranker/vendor/laravel/framework/src/Illuminate/Http/Middleware/TrustProxies.php(58): Illuminate\\Pipeline\\Pipeline->Illuminate\\Pipeline\\{closure}()
#48 /home/anmol/www/html/Customization/Abhishek/web-classranker/classranker/vendor/laravel/framework/src/Illuminate/Pipeline/Pipeline.php(209): Illuminate\\Http\\Middleware\\TrustProxies->handle()
#49 /home/anmol/www/html/Customization/Abhishek/web-classranker/classranker/vendor/laravel/framework/src/Illuminate/Foundation/Http/Middleware/InvokeDeferredCallbacks.php(22): Illuminate\\Pipeline\\Pipeline->Illuminate\\Pipeline\\{closure}()
#50 /home/anmol/www/html/Customization/Abhishek/web-classranker/classranker/vendor/laravel/framework/src/Illuminate/Pipeline/Pipeline.php(209): Illuminate\\Foundation\\Http\\Middleware\\InvokeDeferredCallbacks->handle()
#51 /home/anmol/www/html/Customization/Abhishek/web-classranker/classranker/vendor/laravel/framework/src/Illuminate/Pipeline/Pipeline.php(127): Illuminate\\Pipeline\\Pipeline->Illuminate\\Pipeline\\{closure}()
#52 /home/anmol/www/html/Customization/Abhishek/web-classranker/classranker/vendor/laravel/framework/src/Illuminate/Foundation/Http/Kernel.php(176): Illuminate\\Pipeline\\Pipeline->then()
#53 /home/anmol/www/html/Customization/Abhishek/web-classranker/classranker/vendor/laravel/framework/src/Illuminate/Foundation/Http/Kernel.php(145): Illuminate\\Foundation\\Http\\Kernel->sendRequestThroughRouter()
#54 /home/anmol/www/html/Customization/Abhishek/web-classranker/classranker/public/index.php(51): Illuminate\\Foundation\\Http\\Kernel->handle()
#55 {main}
"} 
[2026-02-26 23:13:42] local.ERROR: Method CustomFeature\Subject\Http\Controllers\SubjectController::addFaq does not exist. {"exception":"[object] (BadMethodCallException(code: 0): Method CustomFeature\\Subject\\Http\\Controllers\\SubjectController::addFaq does not exist. at /home/anmol/www/html/Customization/Abhishek/web-classranker/classranker/vendor/laravel/framework/src/Illuminate/Routing/Controller.php:68)
[stacktrace]
#0 /home/anmol/www/html/Customization/Abhishek/web-classranker/classranker/vendor/laravel/framework/src/Illuminate/Routing/Controller.php(54): Illuminate\\Routing\\Controller->__call()
#1 /home/anmol/www/html/Customization/Abhishek/web-classranker/classranker/vendor/laravel/framework/src/Illuminate/Routing/ControllerDispatcher.php(44): Illuminate\\Routing\\Controller->callAction()
#2 /home/anmol/www/html/Customization/Abhishek/web-classranker/classranker/vendor/laravel/framework/src/Illuminate/Routing/Route.php(266): Illuminate\\Routing\\ControllerDispatcher->dispatch()
#3 /home/anmol/www/html/Customization/Abhishek/web-classranker/classranker/vendor/laravel/framework/src/Illuminate/Routing/Route.php(212): Illuminate\\Routing\\Route->runController()
#4 /home/anmol/www/html/Customization/Abhishek/web-classranker/classranker/vendor/laravel/framework/src/Illuminate/Routing/Router.php(808): Illuminate\\Routing\\Route->run()
#5 /home/anmol/www/html/Customization/Abhishek/web-classranker/classranker/vendor/laravel/framework/src/Illuminate/Pipeline/Pipeline.php(170): Illuminate\\Routing\\Router->Illuminate\\Routing\\{closure}()
#6 /home/anmol/www/html/Customization/Abhishek/web-classranker/classranker/packages/Webkul/Core/src/Http/Middleware/NoCacheMiddleware.php(17): Illuminate\\Pipeline\\Pipeline->Illuminate\\Pipeline\\{closure}()
#7 /home/anmol/www/html/Customization/Abhishek/web-classranker/classranker/vendor/laravel/framework/src/Illuminate/Pipeline/Pipeline.php(209): Webkul\\Core\\Http\\Middleware\\NoCacheMiddleware->handle()
#8 /home/anmol/www/html/Customization/Abhishek/web-classranker/classranker/packages/Webkul/User/src/Http/Middleware/Bouncer.php(44): Illuminate\\Pipeline\\Pipeline->Illuminate\\Pipeline\\{closure}()
#9 /home/anmol/www/html/Customization/Abhishek/web-classranker/classranker/vendor/laravel/framework/src/Illuminate/Pipeline/Pipeline.php(209): Webkul\\User\\Http\\Middleware\\Bouncer->handle()
#10 /home/anmol/www/html/Customization/Abhishek/web-classranker/classranker/packages/Webkul/Core/src/Http/Middleware/PreventRequestsDuringMaintenance.php(73): Illuminate\\Pipeline\\Pipeline->Illuminate\\Pipeline\\{closure}()
#11 /home/anmol/www/html/Customization/Abhishek/web-classranker/classranker/vendor/laravel/framework/src/Illuminate/Pipeline/Pipeline.php(209): Webkul\\Core\\Http\\Middleware\\PreventRequestsDuringMaintenance->handle()
#12 /home/anmol/www/html/Customization/Abhishek/web-classranker/classranker/vendor/barryvdh/laravel-debugbar/src/Middleware/InjectDebugbar.php(66): Illuminate\\Pipeline\\Pipeline->Illuminate\\Pipeline\\{closure}()
#13 /home/anmol/www/html/Customization/Abhishek/web-classranker/classranker/vendor/laravel/framework/src/Illuminate/Pipeline/Pipeline.php(209): Barryvdh\\Debugbar\\Middleware\\InjectDebugbar->handle()
#14 /home/anmol/www/html/Customization/Abhishek/web-classranker/classranker/vendor/laravel/framework/src/Illuminate/Routing/Middleware/SubstituteBindings.php(51): Illuminate\\Pipeline\\Pipeline->Illuminate\\Pipeline\\{closure}()
#15 /home/anmol/www/html/Customization/Abhishek/web-classranker/classranker/vendor/laravel/framework/src/Illuminate/Pipeline/Pipeline.php(209): Illuminate\\Routing\\Middleware\\SubstituteBindings->handle()
#16 /home/anmol/www/html/Customization/Abhishek/web-classranker/classranker/vendor/laravel/framework/src/Illuminate/Foundation/Http/Middleware/VerifyCsrfToken.php(88): Illuminate\\Pipeline\\Pipeline->Illuminate\\Pipeline\\{closure}()
#17 /home/anmol/www/html/Customization/Abhishek/web-classranker/classranker/vendor/laravel/framework/src/Illuminate/Pipeline/Pipeline.php(209): Illuminate\\Foundation\\Http\\Middleware\\VerifyCsrfToken->handle()
#18 /home/anmol/www/html/Customization/Abhishek/web-classranker/classranker/vendor/laravel/framework/src/Illuminate/View/Middleware/ShareErrorsFromSession.php(49): Illuminate\\Pipeline\\Pipeline->Illuminate\\Pipeline\\{closure}()
#19 /home/anmol/www/html/Customization/Abhishek/web-classranker/classranker/vendor/laravel/framework/src/Illuminate/Pipeline/Pipeline.php(209): Illuminate\\View\\Middleware\\ShareErrorsFromSession->handle()
#20 /home/anmol/www/html/Customization/Abhishek/web-classranker/classranker/vendor/laravel/framework/src/Illuminate/Session/Middleware/StartSession.php(121): Illuminate\\Pipeline\\Pipeline->Illuminate\\Pipeline\\{closure}()
#21 /home/anmol/www/html/Customization/Abhishek/web-classranker/classranker/vendor/laravel/framework/src/Illuminate/Session/Middleware/StartSession.php(64): Illuminate\\Session\\Middleware\\StartSession->handleStatefulRequest()
#22 /home/anmol/www/html/Customization/Abhishek/web-classranker/classranker/vendor/laravel/framework/src/Illuminate/Pipeline/Pipeline.php(209): Illuminate\\Session\\Middleware\\StartSession->handle()
#23 /home/anmol/www/html/Customization/Abhishek/web-classranker/classranker/vendor/laravel/framework/src/Illuminate/Cookie/Middleware/AddQueuedCookiesToResponse.php(37): Illuminate\\Pipeline\\Pipeline->Illuminate\\Pipeline\\{closure}()
#24 /home/anmol/www/html/Customization/Abhishek/web-classranker/classranker/vendor/laravel/framework/src/Illuminate/Pipeline/Pipeline.php(209): Illuminate\\Cookie\\Middleware\\AddQueuedCookiesToResponse->handle()
#25 /home/anmol/www/html/Customization/Abhishek/web-classranker/classranker/vendor/laravel/framework/src/Illuminate/Cookie/Middleware/EncryptCookies.php(75): Illuminate\\Pipeline\\Pipeline->Illuminate\\Pipeline\\{closure}()
#26 /home/anmol/www/html/Customization/Abhishek/web-classranker/classranker/vendor/laravel/framework/src/Illuminate/Pipeline/Pipeline.php(209): Illuminate\\Cookie\\Middleware\\EncryptCookies->handle()
#27 /home/anmol/www/html/Customization/Abhishek/web-classranker/classranker/vendor/laravel/framework/src/Illuminate/Pipeline/Pipeline.php(127): Illuminate\\Pipeline\\Pipeline->Illuminate\\Pipeline\\{closure}()
#28 /home/anmol/www/html/Customization/Abhishek/web-classranker/classranker/vendor/laravel/framework/src/Illuminate/Routing/Router.php(807): Illuminate\\Pipeline\\Pipeline->then()
#29 /home/anmol/www/html/Customization/Abhishek/web-classranker/classranker/vendor/laravel/framework/src/Illuminate/Routing/Router.php(786): Illuminate\\Routing\\Router->runRouteWithinStack()
#30 /home/anmol/www/html/Customization/Abhishek/web-classranker/classranker/vendor/laravel/framework/src/Illuminate/Routing/Router.php(750): Illuminate\\Routing\\Router->runRoute()
#31 /home/anmol/www/html/Customization/Abhishek/web-classranker/classranker/vendor/laravel/framework/src/Illuminate/Routing/Router.php(739): Illuminate\\Routing\\Router->dispatchToRoute()
#32 /home/anmol/www/html/Customization/Abhishek/web-classranker/classranker/vendor/laravel/framework/src/Illuminate/Foundation/Http/Kernel.php(201): Illuminate\\Routing\\Router->dispatch()
#33 /home/anmol/www/html/Customization/Abhishek/web-classranker/classranker/vendor/laravel/framework/src/Illuminate/Pipeline/Pipeline.php(170): Illuminate\\Foundation\\Http\\Kernel->Illuminate\\Foundation\\Http\\{closure}()
#34 /home/anmol/www/html/Customization/Abhishek/web-classranker/classranker/vendor/barryvdh/laravel-debugbar/src/Middleware/InjectDebugbar.php(66): Illuminate\\Pipeline\\Pipeline->Illuminate\\Pipeline\\{closure}()
#35 /home/anmol/www/html/Customization/Abhishek/web-classranker/classranker/vendor/laravel/framework/src/Illuminate/Pipeline/Pipeline.php(209): Barryvdh\\Debugbar\\Middleware\\InjectDebugbar->handle()
#36 /home/anmol/www/html/Customization/Abhishek/web-classranker/classranker/packages/Webkul/Installer/src/Http/Middleware/CanInstall.php(36): Illuminate\\Pipeline\\Pipeline->Illuminate\\Pipeline\\{closure}()
#37 /home/anmol/www/html/Customization/Abhishek/web-classranker/classranker/vendor/laravel/framework/src/Illuminate/Pipeline/Pipeline.php(209): Webkul\\Installer\\Http\\Middleware\\CanInstall->handle()
#38 /home/anmol/www/html/Customization/Abhishek/web-classranker/classranker/packages/Webkul/Core/src/Http/Middleware/SecureHeaders.php(26): Illuminate\\Pipeline\\Pipeline->Illuminate\\Pipeline\\{closure}()
#39 /home/anmol/www/html/Customization/Abhishek/web-classranker/classranker/vendor/laravel/framework/src/Illuminate/Pipeline/Pipeline.php(209): Webkul\\Core\\Http\\Middleware\\SecureHeaders->handle()
#40 /home/anmol/www/html/Customization/Abhishek/web-classranker/classranker/vendor/laravel/framework/src/Illuminate/Foundation/Http/Middleware/TransformsRequest.php(21): Illuminate\\Pipeline\\Pipeline->Illuminate\\Pipeline\\{closure}()
#41 /home/anmol/www/html/Customization/Abhishek/web-classranker/classranker/vendor/laravel/framework/src/Illuminate/Foundation/Http/Middleware/TrimStrings.php(51): Illuminate\\Foundation\\Http\\Middleware\\TransformsRequest->handle()
#42 /home/anmol/www/html/Customization/Abhishek/web-classranker/classranker/vendor/laravel/framework/src/Illuminate/Pipeline/Pipeline.php(209): Illuminate\\Foundation\\Http\\Middleware\\TrimStrings->handle()
#43 /home/anmol/www/html/Customization/Abhishek/web-classranker/classranker/vendor/laravel/framework/src/Illuminate/Http/Middleware/ValidatePostSize.php(27): Illuminate\\Pipeline\\Pipeline->Illuminate\\Pipeline\\{closure}()
#44 /home/anmol/www/html/Customization/Abhishek/web-classranker/classranker/vendor/laravel/framework/src/Illuminate/Pipeline/Pipeline.php(209): Illuminate\\Http\\Middleware\\ValidatePostSize->handle()
#45 /home/anmol/www/html/Customization/Abhishek/web-classranker/classranker/vendor/laravel/framework/src/Illuminate/Http/Middleware/HandleCors.php(49): Illuminate\\Pipeline\\Pipeline->Illuminate\\Pipeline\\{closure}()
#46 /home/anmol/www/html/Customization/Abhishek/web-classranker/classranker/vendor/laravel/framework/src/Illuminate/Pipeline/Pipeline.php(209): Illuminate\\Http\\Middleware\\HandleCors->handle()
#47 /home/anmol/www/html/Customization/Abhishek/web-classranker/classranker/vendor/laravel/framework/src/Illuminate/Http/Middleware/TrustProxies.php(58): Illuminate\\Pipeline\\Pipeline->Illuminate\\Pipeline\\{closure}()
#48 /home/anmol/www/html/Customization/Abhishek/web-classranker/classranker/vendor/laravel/framework/src/Illuminate/Pipeline/Pipeline.php(209): Illuminate\\Http\\Middleware\\TrustProxies->handle()
#49 /home/anmol/www/html/Customization/Abhishek/web-classranker/classranker/vendor/laravel/framework/src/Illuminate/Foundation/Http/Middleware/InvokeDeferredCallbacks.php(22): Illuminate\\Pipeline\\Pipeline->Illuminate\\Pipeline\\{closure}()
#50 /home/anmol/www/html/Customization/Abhishek/web-classranker/classranker/vendor/laravel/framework/src/Illuminate/Pipeline/Pipeline.php(209): Illuminate\\Foundation\\Http\\Middleware\\InvokeDeferredCallbacks->handle()
#51 /home/anmol/www/html/Customization/Abhishek/web-classranker/classranker/vendor/laravel/framework/src/Illuminate/Pipeline/Pipeline.php(127): Illuminate\\Pipeline\\Pipeline->Illuminate\\Pipeline\\{closure}()
#52 /home/anmol/www/html/Customization/Abhishek/web-classranker/classranker/vendor/laravel/framework/src/Illuminate/Foundation/Http/Kernel.php(176): Illuminate\\Pipeline\\Pipeline->then()
#53 /home/anmol/www/html/Customization/Abhishek/web-classranker/classranker/vendor/laravel/framework/src/Illuminate/Foundation/Http/Kernel.php(145): Illuminate\\Foundation\\Http\\Kernel->sendRequestThroughRouter()
#54 /home/anmol/www/html/Customization/Abhishek/web-classranker/classranker/public/index.php(51): Illuminate\\Foundation\\Http\\Kernel->handle()
#55 {main}
"} 
[2026-02-26 23:59:42] local.ERROR: Route [admin.study_materials.videos.create] not defined. (View: /home/anmol/www/html/Customization/Abhishek/web-classranker/classranker/packages/CustomFeature/ClassRanker/src/Resources/views/study-material/videos/index.blade.php) {"exception":"[object] (Illuminate\\View\\ViewException(code: 0): Route [admin.study_materials.videos.create] not defined. (View: /home/anmol/www/html/Customization/Abhishek/web-classranker/classranker/packages/CustomFeature/ClassRanker/src/Resources/views/study-material/videos/index.blade.php) at /home/anmol/www/html/Customization/Abhishek/web-classranker/classranker/vendor/laravel/framework/src/Illuminate/Routing/UrlGenerator.php:517)
[stacktrace]
#0 /home/anmol/www/html/Customization/Abhishek/web-classranker/classranker/vendor/laravel/framework/src/Illuminate/View/Engines/PhpEngine.php(60): Illuminate\\View\\Engines\\CompilerEngine->handleViewException()
#1 /home/anmol/www/html/Customization/Abhishek/web-classranker/classranker/vendor/laravel/framework/src/Illuminate/View/Engines/CompilerEngine.php(75): Illuminate\\View\\Engines\\PhpEngine->evaluatePath()
#2 /home/anmol/www/html/Customization/Abhishek/web-classranker/classranker/vendor/laravel/framework/src/Illuminate/View/View.php(209): Illuminate\\View\\Engines\\CompilerEngine->get()
#3 /home/anmol/www/html/Customization/Abhishek/web-classranker/classranker/vendor/laravel/framework/src/Illuminate/View/View.php(192): Illuminate\\View\\View->getContents()
#4 /home/anmol/www/html/Customization/Abhishek/web-classranker/classranker/vendor/laravel/framework/src/Illuminate/View/View.php(161): Illuminate\\View\\View->renderContents()
#5 /home/anmol/www/html/Customization/Abhishek/web-classranker/classranker/vendor/laravel/framework/src/Illuminate/Http/Response.php(79): Illuminate\\View\\View->render()
#6 /home/anmol/www/html/Customization/Abhishek/web-classranker/classranker/vendor/laravel/framework/src/Illuminate/Http/Response.php(35): Illuminate\\Http\\Response->setContent()
#7 /home/anmol/www/html/Customization/Abhishek/web-classranker/classranker/vendor/laravel/framework/src/Illuminate/Routing/Router.php(920): Illuminate\\Http\\Response->__construct()
#8 /home/anmol/www/html/Customization/Abhishek/web-classranker/classranker/vendor/laravel/framework/src/Illuminate/Routing/Router.php(887): Illuminate\\Routing\\Router::toResponse()
#9 /home/anmol/www/html/Customization/Abhishek/web-classranker/classranker/vendor/laravel/framework/src/Illuminate/Routing/Router.php(807): Illuminate\\Routing\\Router->prepareResponse()
#10 /home/anmol/www/html/Customization/Abhishek/web-classranker/classranker/vendor/laravel/framework/src/Illuminate/Pipeline/Pipeline.php(170): Illuminate\\Routing\\Router->Illuminate\\Routing\\{closure}()
#11 /home/anmol/www/html/Customization/Abhishek/web-classranker/classranker/packages/Webkul/Core/src/Http/Middleware/NoCacheMiddleware.php(17): Illuminate\\Pipeline\\Pipeline->Illuminate\\Pipeline\\{closure}()
#12 /home/anmol/www/html/Customization/Abhishek/web-classranker/classranker/vendor/laravel/framework/src/Illuminate/Pipeline/Pipeline.php(209): Webkul\\Core\\Http\\Middleware\\NoCacheMiddleware->handle()
#13 /home/anmol/www/html/Customization/Abhishek/web-classranker/classranker/packages/Webkul/User/src/Http/Middleware/Bouncer.php(44): Illuminate\\Pipeline\\Pipeline->Illuminate\\Pipeline\\{closure}()
#14 /home/anmol/www/html/Customization/Abhishek/web-classranker/classranker/vendor/laravel/framework/src/Illuminate/Pipeline/Pipeline.php(209): Webkul\\User\\Http\\Middleware\\Bouncer->handle()
#15 /home/anmol/www/html/Customization/Abhishek/web-classranker/classranker/packages/Webkul/Core/src/Http/Middleware/PreventRequestsDuringMaintenance.php(73): Illuminate\\Pipeline\\Pipeline->Illuminate\\Pipeline\\{closure}()
#16 /home/anmol/www/html/Customization/Abhishek/web-classranker/classranker/vendor/laravel/framework/src/Illuminate/Pipeline/Pipeline.php(209): Webkul\\Core\\Http\\Middleware\\PreventRequestsDuringMaintenance->handle()
#17 /home/anmol/www/html/Customization/Abhishek/web-classranker/classranker/vendor/barryvdh/laravel-debugbar/src/Middleware/InjectDebugbar.php(66): Illuminate\\Pipeline\\Pipeline->Illuminate\\Pipeline\\{closure}()
#18 /home/anmol/www/html/Customization/Abhishek/web-classranker/classranker/vendor/laravel/framework/src/Illuminate/Pipeline/Pipeline.php(209): Barryvdh\\Debugbar\\Middleware\\InjectDebugbar->handle()
#19 /home/anmol/www/html/Customization/Abhishek/web-classranker/classranker/vendor/laravel/framework/src/Illuminate/Routing/Middleware/SubstituteBindings.php(51): Illuminate\\Pipeline\\Pipeline->Illuminate\\Pipeline\\{closure}()
#20 /home/anmol/www/html/Customization/Abhishek/web-classranker/classranker/vendor/laravel/framework/src/Illuminate/Pipeline/Pipeline.php(209): Illuminate\\Routing\\Middleware\\SubstituteBindings->handle()
#21 /home/anmol/www/html/Customization/Abhishek/web-classranker/classranker/vendor/laravel/framework/src/Illuminate/Foundation/Http/Middleware/VerifyCsrfToken.php(88): Illuminate\\Pipeline\\Pipeline->Illuminate\\Pipeline\\{closure}()
#22 /home/anmol/www/html/Customization/Abhishek/web-classranker/classranker/vendor/laravel/framework/src/Illuminate/Pipeline/Pipeline.php(209): Illuminate\\Foundation\\Http\\Middleware\\VerifyCsrfToken->handle()
#23 /home/anmol/www/html/Customization/Abhishek/web-classranker/classranker/vendor/laravel/framework/src/Illuminate/View/Middleware/ShareErrorsFromSession.php(49): Illuminate\\Pipeline\\Pipeline->Illuminate\\Pipeline\\{closure}()
#24 /home/anmol/www/html/Customization/Abhishek/web-classranker/classranker/vendor/laravel/framework/src/Illuminate/Pipeline/Pipeline.php(209): Illuminate\\View\\Middleware\\ShareErrorsFromSession->handle()
#25 /home/anmol/www/html/Customization/Abhishek/web-classranker/classranker/vendor/laravel/framework/src/Illuminate/Session/Middleware/StartSession.php(121): Illuminate\\Pipeline\\Pipeline->Illuminate\\Pipeline\\{closure}()
#26 /home/anmol/www/html/Customization/Abhishek/web-classranker/classranker/vendor/laravel/framework/src/Illuminate/Session/Middleware/StartSession.php(64): Illuminate\\Session\\Middleware\\StartSession->handleStatefulRequest()
#27 /home/anmol/www/html/Customization/Abhishek/web-classranker/classranker/vendor/laravel/framework/src/Illuminate/Pipeline/Pipeline.php(209): Illuminate\\Session\\Middleware\\StartSession->handle()
#28 /home/anmol/www/html/Customization/Abhishek/web-classranker/classranker/vendor/laravel/framework/src/Illuminate/Cookie/Middleware/AddQueuedCookiesToResponse.php(37): Illuminate\\Pipeline\\Pipeline->Illuminate\\Pipeline\\{closure}()
#29 /home/anmol/www/html/Customization/Abhishek/web-classranker/classranker/vendor/laravel/framework/src/Illuminate/Pipeline/Pipeline.php(209): Illuminate\\Cookie\\Middleware\\AddQueuedCookiesToResponse->handle()
#30 /home/anmol/www/html/Customization/Abhishek/web-classranker/classranker/vendor/laravel/framework/src/Illuminate/Cookie/Middleware/EncryptCookies.php(75): Illuminate\\Pipeline\\Pipeline->Illuminate\\Pipeline\\{closure}()
#31 /home/anmol/www/html/Customization/Abhishek/web-classranker/classranker/vendor/laravel/framework/src/Illuminate/Pipeline/Pipeline.php(209): Illuminate\\Cookie\\Middleware\\EncryptCookies->handle()
#32 /home/anmol/www/html/Customization/Abhishek/web-classranker/classranker/vendor/laravel/framework/src/Illuminate/Pipeline/Pipeline.php(127): Illuminate\\Pipeline\\Pipeline->Illuminate\\Pipeline\\{closure}()
#33 /home/anmol/www/html/Customization/Abhishek/web-classranker/classranker/vendor/laravel/framework/src/Illuminate/Routing/Router.php(807): Illuminate\\Pipeline\\Pipeline->then()
#34 /home/anmol/www/html/Customization/Abhishek/web-classranker/classranker/vendor/laravel/framework/src/Illuminate/Routing/Router.php(786): Illuminate\\Routing\\Router->runRouteWithinStack()
#35 /home/anmol/www/html/Customization/Abhishek/web-classranker/classranker/vendor/laravel/framework/src/Illuminate/Routing/Router.php(750): Illuminate\\Routing\\Router->runRoute()
#36 /home/anmol/www/html/Customization/Abhishek/web-classranker/classranker/vendor/laravel/framework/src/Illuminate/Routing/Router.php(739): Illuminate\\Routing\\Router->dispatchToRoute()
#37 /home/anmol/www/html/Customization/Abhishek/web-classranker/classranker/vendor/laravel/framework/src/Illuminate/Foundation/Http/Kernel.php(201): Illuminate\\Routing\\Router->dispatch()
#38 /home/anmol/www/html/Customization/Abhishek/web-classranker/classranker/vendor/laravel/framework/src/Illuminate/Pipeline/Pipeline.php(170): Illuminate\\Foundation\\Http\\Kernel->Illuminate\\Foundation\\Http\\{closure}()
#39 /home/anmol/www/html/Customization/Abhishek/web-classranker/classranker/vendor/barryvdh/laravel-debugbar/src/Middleware/InjectDebugbar.php(66): Illuminate\\Pipeline\\Pipeline->Illuminate\\Pipeline\\{closure}()
#40 /home/anmol/www/html/Customization/Abhishek/web-classranker/classranker/vendor/laravel/framework/src/Illuminate/Pipeline/Pipeline.php(209): Barryvdh\\Debugbar\\Middleware\\InjectDebugbar->handle()
#41 /home/anmol/www/html/Customization/Abhishek/web-classranker/classranker/packages/Webkul/Installer/src/Http/Middleware/CanInstall.php(36): Illuminate\\Pipeline\\Pipeline->Illuminate\\Pipeline\\{closure}()
#42 /home/anmol/www/html/Customization/Abhishek/web-classranker/classranker/vendor/laravel/framework/src/Illuminate/Pipeline/Pipeline.php(209): Webkul\\Installer\\Http\\Middleware\\CanInstall->handle()
#43 /home/anmol/www/html/Customization/Abhishek/web-classranker/classranker/packages/Webkul/Core/src/Http/Middleware/SecureHeaders.php(26): Illuminate\\Pipeline\\Pipeline->Illuminate\\Pipeline\\{closure}()
#44 /home/anmol/www/html/Customization/Abhishek/web-classranker/classranker/vendor/laravel/framework/src/Illuminate/Pipeline/Pipeline.php(209): Webkul\\Core\\Http\\Middleware\\SecureHeaders->handle()
#45 /home/anmol/www/html/Customization/Abhishek/web-classranker/classranker/vendor/laravel/framework/src/Illuminate/Foundation/Http/Middleware/TransformsRequest.php(21): Illuminate\\Pipeline\\Pipeline->Illuminate\\Pipeline\\{closure}()
#46 /home/anmol/www/html/Customization/Abhishek/web-classranker/classranker/vendor/laravel/framework/src/Illuminate/Foundation/Http/Middleware/TrimStrings.php(51): Illuminate\\Foundation\\Http\\Middleware\\TransformsRequest->handle()
#47 /home/anmol/www/html/Customization/Abhishek/web-classranker/classranker/vendor/laravel/framework/src/Illuminate/Pipeline/Pipeline.php(209): Illuminate\\Foundation\\Http\\Middleware\\TrimStrings->handle()
#48 /home/anmol/www/html/Customization/Abhishek/web-classranker/classranker/vendor/laravel/framework/src/Illuminate/Http/Middleware/ValidatePostSize.php(27): Illuminate\\Pipeline\\Pipeline->Illuminate\\Pipeline\\{closure}()
#49 /home/anmol/www/html/Customization/Abhishek/web-classranker/classranker/vendor/laravel/framework/src/Illuminate/Pipeline/Pipeline.php(209): Illuminate\\Http\\Middleware\\ValidatePostSize->handle()
#50 /home/anmol/www/html/Customization/Abhishek/web-classranker/classranker/vendor/laravel/framework/src/Illuminate/Http/Middleware/HandleCors.php(49): Illuminate\\Pipeline\\Pipeline->Illuminate\\Pipeline\\{closure}()
#51 /home/anmol/www/html/Customization/Abhishek/web-classranker/classranker/vendor/laravel/framework/src/Illuminate/Pipeline/Pipeline.php(209): Illuminate\\Http\\Middleware\\HandleCors->handle()
#52 /home/anmol/www/html/Customization/Abhishek/web-classranker/classranker/vendor/laravel/framework/src/Illuminate/Http/Middleware/TrustProxies.php(58): Illuminate\\Pipeline\\Pipeline->Illuminate\\Pipeline\\{closure}()
#53 /home/anmol/www/html/Customization/Abhishek/web-classranker/classranker/vendor/laravel/framework/src/Illuminate/Pipeline/Pipeline.php(209): Illuminate\\Http\\Middleware\\TrustProxies->handle()
#54 /home/anmol/www/html/Customization/Abhishek/web-classranker/classranker/vendor/laravel/framework/src/Illuminate/Foundation/Http/Middleware/InvokeDeferredCallbacks.php(22): Illuminate\\Pipeline\\Pipeline->Illuminate\\Pipeline\\{closure}()
#55 /home/anmol/www/html/Customization/Abhishek/web-classranker/classranker/vendor/laravel/framework/src/Illuminate/Pipeline/Pipeline.php(209): Illuminate\\Foundation\\Http\\Middleware\\InvokeDeferredCallbacks->handle()
#56 /home/anmol/www/html/Customization/Abhishek/web-classranker/classranker/vendor/laravel/framework/src/Illuminate/Pipeline/Pipeline.php(127): Illuminate\\Pipeline\\Pipeline->Illuminate\\Pipeline\\{closure}()
#57 /home/anmol/www/html/Customization/Abhishek/web-classranker/classranker/vendor/laravel/framework/src/Illuminate/Foundation/Http/Kernel.php(176): Illuminate\\Pipeline\\Pipeline->then()
#58 /home/anmol/www/html/Customization/Abhishek/web-classranker/classranker/vendor/laravel/framework/src/Illuminate/Foundation/Http/Kernel.php(145): Illuminate\\Foundation\\Http\\Kernel->sendRequestThroughRouter()
#59 /home/anmol/www/html/Customization/Abhishek/web-classranker/classranker/public/index.php(51): Illuminate\\Foundation\\Http\\Kernel->handle()
#60 {main}

[previous exception] [object] (Symfony\\Component\\Routing\\Exception\\RouteNotFoundException(code: 0): Route [admin.study_materials.videos.create] not defined. at /home/anmol/www/html/Customization/Abhishek/web-classranker/classranker/vendor/laravel/framework/src/Illuminate/Routing/UrlGenerator.php:517)
[stacktrace]
#0 /home/anmol/www/html/Customization/Abhishek/web-classranker/classranker/vendor/laravel/framework/src/Illuminate/Foundation/helpers.php(853): Illuminate\\Routing\\UrlGenerator->route()
#1 /home/anmol/www/html/Customization/Abhishek/web-classranker/classranker/storage/framework/views/be8014a9d95bd87616a5ff00e96a9357.php(22): route()
#2 /home/anmol/www/html/Customization/Abhishek/web-classranker/classranker/vendor/laravel/framework/src/Illuminate/Filesystem/Filesystem.php(123): require('...')
#3 /home/anmol/www/html/Customization/Abhishek/web-classranker/classranker/vendor/laravel/framework/src/Illuminate/Filesystem/Filesystem.php(124): Illuminate\\Filesystem\\Filesystem::Illuminate\\Filesystem\\{closure}()
#4 /home/anmol/www/html/Customization/Abhishek/web-classranker/classranker/vendor/laravel/framework/src/Illuminate/View/Engines/PhpEngine.php(58): Illuminate\\Filesystem\\Filesystem->getRequire()
#5 /home/anmol/www/html/Customization/Abhishek/web-classranker/classranker/vendor/laravel/framework/src/Illuminate/View/Engines/CompilerEngine.php(75): Illuminate\\View\\Engines\\PhpEngine->evaluatePath()
#6 /home/anmol/www/html/Customization/Abhishek/web-classranker/classranker/vendor/laravel/framework/src/Illuminate/View/View.php(209): Illuminate\\View\\Engines\\CompilerEngine->get()
#7 /home/anmol/www/html/Customization/Abhishek/web-classranker/classranker/vendor/laravel/framework/src/Illuminate/View/View.php(192): Illuminate\\View\\View->getContents()
#8 /home/anmol/www/html/Customization/Abhishek/web-classranker/classranker/vendor/laravel/framework/src/Illuminate/View/View.php(161): Illuminate\\View\\View->renderContents()
#9 /home/anmol/www/html/Customization/Abhishek/web-classranker/classranker/vendor/laravel/framework/src/Illuminate/Http/Response.php(79): Illuminate\\View\\View->render()
#10 /home/anmol/www/html/Customization/Abhishek/web-classranker/classranker/vendor/laravel/framework/src/Illuminate/Http/Response.php(35): Illuminate\\Http\\Response->setContent()
#11 /home/anmol/www/html/Customization/Abhishek/web-classranker/classranker/vendor/laravel/framework/src/Illuminate/Routing/Router.php(920): Illuminate\\Http\\Response->__construct()
#12 /home/anmol/www/html/Customization/Abhishek/web-classranker/classranker/vendor/laravel/framework/src/Illuminate/Routing/Router.php(887): Illuminate\\Routing\\Router::toResponse()
#13 /home/anmol/www/html/Customization/Abhishek/web-classranker/classranker/vendor/laravel/framework/src/Illuminate/Routing/Router.php(807): Illuminate\\Routing\\Router->prepareResponse()
#14 /home/anmol/www/html/Customization/Abhishek/web-classranker/classranker/vendor/laravel/framework/src/Illuminate/Pipeline/Pipeline.php(170): Illuminate\\Routing\\Router->Illuminate\\Routing\\{closure}()
#15 /home/anmol/www/html/Customization/Abhishek/web-classranker/classranker/packages/Webkul/Core/src/Http/Middleware/NoCacheMiddleware.php(17): Illuminate\\Pipeline\\Pipeline->Illuminate\\Pipeline\\{closure}()
#16 /home/anmol/www/html/Customization/Abhishek/web-classranker/classranker/vendor/laravel/framework/src/Illuminate/Pipeline/Pipeline.php(209): Webkul\\Core\\Http\\Middleware\\NoCacheMiddleware->handle()
#17 /home/anmol/www/html/Customization/Abhishek/web-classranker/classranker/packages/Webkul/User/src/Http/Middleware/Bouncer.php(44): Illuminate\\Pipeline\\Pipeline->Illuminate\\Pipeline\\{closure}()
#18 /home/anmol/www/html/Customization/Abhishek/web-classranker/classranker/vendor/laravel/framework/src/Illuminate/Pipeline/Pipeline.php(209): Webkul\\User\\Http\\Middleware\\Bouncer->handle()
#19 /home/anmol/www/html/Customization/Abhishek/web-classranker/classranker/packages/Webkul/Core/src/Http/Middleware/PreventRequestsDuringMaintenance.php(73): Illuminate\\Pipeline\\Pipeline->Illuminate\\Pipeline\\{closure}()
#20 /home/anmol/www/html/Customization/Abhishek/web-classranker/classranker/vendor/laravel/framework/src/Illuminate/Pipeline/Pipeline.php(209): Webkul\\Core\\Http\\Middleware\\PreventRequestsDuringMaintenance->handle()
#21 /home/anmol/www/html/Customization/Abhishek/web-classranker/classranker/vendor/barryvdh/laravel-debugbar/src/Middleware/InjectDebugbar.php(66): Illuminate\\Pipeline\\Pipeline->Illuminate\\Pipeline\\{closure}()
#22 /home/anmol/www/html/Customization/Abhishek/web-classranker/classranker/vendor/laravel/framework/src/Illuminate/Pipeline/Pipeline.php(209): Barryvdh\\Debugbar\\Middleware\\InjectDebugbar->handle()
#23 /home/anmol/www/html/Customization/Abhishek/web-classranker/classranker/vendor/laravel/framework/src/Illuminate/Routing/Middleware/SubstituteBindings.php(51): Illuminate\\Pipeline\\Pipeline->Illuminate\\Pipeline\\{closure}()
#24 /home/anmol/www/html/Customization/Abhishek/web-classranker/classranker/vendor/laravel/framework/src/Illuminate/Pipeline/Pipeline.php(209): Illuminate\\Routing\\Middleware\\SubstituteBindings->handle()
#25 /home/anmol/www/html/Customization/Abhishek/web-classranker/classranker/vendor/laravel/framework/src/Illuminate/Foundation/Http/Middleware/VerifyCsrfToken.php(88): Illuminate\\Pipeline\\Pipeline->Illuminate\\Pipeline\\{closure}()
#26 /home/anmol/www/html/Customization/Abhishek/web-classranker/classranker/vendor/laravel/framework/src/Illuminate/Pipeline/Pipeline.php(209): Illuminate\\Foundation\\Http\\Middleware\\VerifyCsrfToken->handle()
#27 /home/anmol/www/html/Customization/Abhishek/web-classranker/classranker/vendor/laravel/framework/src/Illuminate/View/Middleware/ShareErrorsFromSession.php(49): Illuminate\\Pipeline\\Pipeline->Illuminate\\Pipeline\\{closure}()
#28 /home/anmol/www/html/Customization/Abhishek/web-classranker/classranker/vendor/laravel/framework/src/Illuminate/Pipeline/Pipeline.php(209): Illuminate\\View\\Middleware\\ShareErrorsFromSession->handle()
#29 /home/anmol/www/html/Customization/Abhishek/web-classranker/classranker/vendor/laravel/framework/src/Illuminate/Session/Middleware/StartSession.php(121): Illuminate\\Pipeline\\Pipeline->Illuminate\\Pipeline\\{closure}()
#30 /home/anmol/www/html/Customization/Abhishek/web-classranker/classranker/vendor/laravel/framework/src/Illuminate/Session/Middleware/StartSession.php(64): Illuminate\\Session\\Middleware\\StartSession->handleStatefulRequest()
#31 /home/anmol/www/html/Customization/Abhishek/web-classranker/classranker/vendor/laravel/framework/src/Illuminate/Pipeline/Pipeline.php(209): Illuminate\\Session\\Middleware\\StartSession->handle()
#32 /home/anmol/www/html/Customization/Abhishek/web-classranker/classranker/vendor/laravel/framework/src/Illuminate/Cookie/Middleware/AddQueuedCookiesToResponse.php(37): Illuminate\\Pipeline\\Pipeline->Illuminate\\Pipeline\\{closure}()
#33 /home/anmol/www/html/Customization/Abhishek/web-classranker/classranker/vendor/laravel/framework/src/Illuminate/Pipeline/Pipeline.php(209): Illuminate\\Cookie\\Middleware\\AddQueuedCookiesToResponse->handle()
#34 /home/anmol/www/html/Customization/Abhishek/web-classranker/classranker/vendor/laravel/framework/src/Illuminate/Cookie/Middleware/EncryptCookies.php(75): Illuminate\\Pipeline\\Pipeline->Illuminate\\Pipeline\\{closure}()
#35 /home/anmol/www/html/Customization/Abhishek/web-classranker/classranker/vendor/laravel/framework/src/Illuminate/Pipeline/Pipeline.php(209): Illuminate\\Cookie\\Middleware\\EncryptCookies->handle()
#36 /home/anmol/www/html/Customization/Abhishek/web-classranker/classranker/vendor/laravel/framework/src/Illuminate/Pipeline/Pipeline.php(127): Illuminate\\Pipeline\\Pipeline->Illuminate\\Pipeline\\{closure}()
#37 /home/anmol/www/html/Customization/Abhishek/web-classranker/classranker/vendor/laravel/framework/src/Illuminate/Routing/Router.php(807): Illuminate\\Pipeline\\Pipeline->then()
#38 /home/anmol/www/html/Customization/Abhishek/web-classranker/classranker/vendor/laravel/framework/src/Illuminate/Routing/Router.php(786): Illuminate\\Routing\\Router->runRouteWithinStack()
#39 /home/anmol/www/html/Customization/Abhishek/web-classranker/classranker/vendor/laravel/framework/src/Illuminate/Routing/Router.php(750): Illuminate\\Routing\\Router->runRoute()
#40 /home/anmol/www/html/Customization/Abhishek/web-classranker/classranker/vendor/laravel/framework/src/Illuminate/Routing/Router.php(739): Illuminate\\Routing\\Router->dispatchToRoute()
#41 /home/anmol/www/html/Customization/Abhishek/web-classranker/classranker/vendor/laravel/framework/src/Illuminate/Foundation/Http/Kernel.php(201): Illuminate\\Routing\\Router->dispatch()
#42 /home/anmol/www/html/Customization/Abhishek/web-classranker/classranker/vendor/laravel/framework/src/Illuminate/Pipeline/Pipeline.php(170): Illuminate\\Foundation\\Http\\Kernel->Illuminate\\Foundation\\Http\\{closure}()
#43 /home/anmol/www/html/Customization/Abhishek/web-classranker/classranker/vendor/barryvdh/laravel-debugbar/src/Middleware/InjectDebugbar.php(66): Illuminate\\Pipeline\\Pipeline->Illuminate\\Pipeline\\{closure}()
#44 /home/anmol/www/html/Customization/Abhishek/web-classranker/classranker/vendor/laravel/framework/src/Illuminate/Pipeline/Pipeline.php(209): Barryvdh\\Debugbar\\Middleware\\InjectDebugbar->handle()
#45 /home/anmol/www/html/Customization/Abhishek/web-classranker/classranker/packages/Webkul/Installer/src/Http/Middleware/CanInstall.php(36): Illuminate\\Pipeline\\Pipeline->Illuminate\\Pipeline\\{closure}()
#46 /home/anmol/www/html/Customization/Abhishek/web-classranker/classranker/vendor/laravel/framework/src/Illuminate/Pipeline/Pipeline.php(209): Webkul\\Installer\\Http\\Middleware\\CanInstall->handle()
#47 /home/anmol/www/html/Customization/Abhishek/web-classranker/classranker/packages/Webkul/Core/src/Http/Middleware/SecureHeaders.php(26): Illuminate\\Pipeline\\Pipeline->Illuminate\\Pipeline\\{closure}()
#48 /home/anmol/www/html/Customization/Abhishek/web-classranker/classranker/vendor/laravel/framework/src/Illuminate/Pipeline/Pipeline.php(209): Webkul\\Core\\Http\\Middleware\\SecureHeaders->handle()
#49 /home/anmol/www/html/Customization/Abhishek/web-classranker/classranker/vendor/laravel/framework/src/Illuminate/Foundation/Http/Middleware/TransformsRequest.php(21): Illuminate\\Pipeline\\Pipeline->Illuminate\\Pipeline\\{closure}()
#50 /home/anmol/www/html/Customization/Abhishek/web-classranker/classranker/vendor/laravel/framework/src/Illuminate/Foundation/Http/Middleware/TrimStrings.php(51): Illuminate\\Foundation\\Http\\Middleware\\TransformsRequest->handle()
#51 /home/anmol/www/html/Customization/Abhishek/web-classranker/classranker/vendor/laravel/framework/src/Illuminate/Pipeline/Pipeline.php(209): Illuminate\\Foundation\\Http\\Middleware\\TrimStrings->handle()
#52 /home/anmol/www/html/Customization/Abhishek/web-classranker/classranker/vendor/laravel/framework/src/Illuminate/Http/Middleware/ValidatePostSize.php(27): Illuminate\\Pipeline\\Pipeline->Illuminate\\Pipeline\\{closure}()
#53 /home/anmol/www/html/Customization/Abhishek/web-classranker/classranker/vendor/laravel/framework/src/Illuminate/Pipeline/Pipeline.php(209): Illuminate\\Http\\Middleware\\ValidatePostSize->handle()
#54 /home/anmol/www/html/Customization/Abhishek/web-classranker/classranker/vendor/laravel/framework/src/Illuminate/Http/Middleware/HandleCors.php(49): Illuminate\\Pipeline\\Pipeline->Illuminate\\Pipeline\\{closure}()
#55 /home/anmol/www/html/Customization/Abhishek/web-classranker/classranker/vendor/laravel/framework/src/Illuminate/Pipeline/Pipeline.php(209): Illuminate\\Http\\Middleware\\HandleCors->handle()
#56 /home/anmol/www/html/Customization/Abhishek/web-classranker/classranker/vendor/laravel/framework/src/Illuminate/Http/Middleware/TrustProxies.php(58): Illuminate\\Pipeline\\Pipeline->Illuminate\\Pipeline\\{closure}()
#57 /home/anmol/www/html/Customization/Abhishek/web-classranker/classranker/vendor/laravel/framework/src/Illuminate/Pipeline/Pipeline.php(209): Illuminate\\Http\\Middleware\\TrustProxies->handle()
#58 /home/anmol/www/html/Customization/Abhishek/web-classranker/classranker/vendor/laravel/framework/src/Illuminate/Foundation/Http/Middleware/InvokeDeferredCallbacks.php(22): Illuminate\\Pipeline\\Pipeline->Illuminate\\Pipeline\\{closure}()
#59 /home/anmol/www/html/Customization/Abhishek/web-classranker/classranker/vendor/laravel/framework/src/Illuminate/Pipeline/Pipeline.php(209): Illuminate\\Foundation\\Http\\Middleware\\InvokeDeferredCallbacks->handle()
#60 /home/anmol/www/html/Customization/Abhishek/web-classranker/classranker/vendor/laravel/framework/src/Illuminate/Pipeline/Pipeline.php(127): Illuminate\\Pipeline\\Pipeline->Illuminate\\Pipeline\\{closure}()
#61 /home/anmol/www/html/Customization/Abhishek/web-classranker/classranker/vendor/laravel/framework/src/Illuminate/Foundation/Http/Kernel.php(176): Illuminate\\Pipeline\\Pipeline->then()
#62 /home/anmol/www/html/Customization/Abhishek/web-classranker/classranker/vendor/laravel/framework/src/Illuminate/Foundation/Http/Kernel.php(145): Illuminate\\Foundation\\Http\\Kernel->sendRequestThroughRouter()
#63 /home/anmol/www/html/Customization/Abhishek/web-classranker/classranker/public/index.php(51): Illuminate\\Foundation\\Http\\Kernel->handle()
#64 {main}
"} 
[2026-02-26 23:59:50] local.ERROR: Route [admin.study_materials.videos.create] not defined. (View: /home/anmol/www/html/Customization/Abhishek/web-classranker/classranker/packages/CustomFeature/ClassRanker/src/Resources/views/study-material/videos/index.blade.php) {"exception":"[object] (Illuminate\\View\\ViewException(code: 0): Route [admin.study_materials.videos.create] not defined. (View: /home/anmol/www/html/Customization/Abhishek/web-classranker/classranker/packages/CustomFeature/ClassRanker/src/Resources/views/study-material/videos/index.blade.php) at /home/anmol/www/html/Customization/Abhishek/web-classranker/classranker/vendor/laravel/framework/src/Illuminate/Routing/UrlGenerator.php:517)
[stacktrace]
#0 /home/anmol/www/html/Customization/Abhishek/web-classranker/classranker/vendor/laravel/framework/src/Illuminate/View/Engines/PhpEngine.php(60): Illuminate\\View\\Engines\\CompilerEngine->handleViewException()
#1 /home/anmol/www/html/Customization/Abhishek/web-classranker/classranker/vendor/laravel/framework/src/Illuminate/View/Engines/CompilerEngine.php(75): Illuminate\\View\\Engines\\PhpEngine->evaluatePath()
#2 /home/anmol/www/html/Customization/Abhishek/web-classranker/classranker/vendor/laravel/framework/src/Illuminate/View/View.php(209): Illuminate\\View\\Engines\\CompilerEngine->get()
#3 /home/anmol/www/html/Customization/Abhishek/web-classranker/classranker/vendor/laravel/framework/src/Illuminate/View/View.php(192): Illuminate\\View\\View->getContents()
#4 /home/anmol/www/html/Customization/Abhishek/web-classranker/classranker/vendor/laravel/framework/src/Illuminate/View/View.php(161): Illuminate\\View\\View->renderContents()
#5 /home/anmol/www/html/Customization/Abhishek/web-classranker/classranker/vendor/laravel/framework/src/Illuminate/Http/Response.php(79): Illuminate\\View\\View->render()
#6 /home/anmol/www/html/Customization/Abhishek/web-classranker/classranker/vendor/laravel/framework/src/Illuminate/Http/Response.php(35): Illuminate\\Http\\Response->setContent()
#7 /home/anmol/www/html/Customization/Abhishek/web-classranker/classranker/vendor/laravel/framework/src/Illuminate/Routing/Router.php(920): Illuminate\\Http\\Response->__construct()
#8 /home/anmol/www/html/Customization/Abhishek/web-classranker/classranker/vendor/laravel/framework/src/Illuminate/Routing/Router.php(887): Illuminate\\Routing\\Router::toResponse()
#9 /home/anmol/www/html/Customization/Abhishek/web-classranker/classranker/vendor/laravel/framework/src/Illuminate/Routing/Router.php(807): Illuminate\\Routing\\Router->prepareResponse()
#10 /home/anmol/www/html/Customization/Abhishek/web-classranker/classranker/vendor/laravel/framework/src/Illuminate/Pipeline/Pipeline.php(170): Illuminate\\Routing\\Router->Illuminate\\Routing\\{closure}()
#11 /home/anmol/www/html/Customization/Abhishek/web-classranker/classranker/packages/Webkul/Core/src/Http/Middleware/NoCacheMiddleware.php(17): Illuminate\\Pipeline\\Pipeline->Illuminate\\Pipeline\\{closure}()
#12 /home/anmol/www/html/Customization/Abhishek/web-classranker/classranker/vendor/laravel/framework/src/Illuminate/Pipeline/Pipeline.php(209): Webkul\\Core\\Http\\Middleware\\NoCacheMiddleware->handle()
#13 /home/anmol/www/html/Customization/Abhishek/web-classranker/classranker/packages/Webkul/User/src/Http/Middleware/Bouncer.php(44): Illuminate\\Pipeline\\Pipeline->Illuminate\\Pipeline\\{closure}()
#14 /home/anmol/www/html/Customization/Abhishek/web-classranker/classranker/vendor/laravel/framework/src/Illuminate/Pipeline/Pipeline.php(209): Webkul\\User\\Http\\Middleware\\Bouncer->handle()
#15 /home/anmol/www/html/Customization/Abhishek/web-classranker/classranker/packages/Webkul/Core/src/Http/Middleware/PreventRequestsDuringMaintenance.php(73): Illuminate\\Pipeline\\Pipeline->Illuminate\\Pipeline\\{closure}()
#16 /home/anmol/www/html/Customization/Abhishek/web-classranker/classranker/vendor/laravel/framework/src/Illuminate/Pipeline/Pipeline.php(209): Webkul\\Core\\Http\\Middleware\\PreventRequestsDuringMaintenance->handle()
#17 /home/anmol/www/html/Customization/Abhishek/web-classranker/classranker/vendor/barryvdh/laravel-debugbar/src/Middleware/InjectDebugbar.php(66): Illuminate\\Pipeline\\Pipeline->Illuminate\\Pipeline\\{closure}()
#18 /home/anmol/www/html/Customization/Abhishek/web-classranker/classranker/vendor/laravel/framework/src/Illuminate/Pipeline/Pipeline.php(209): Barryvdh\\Debugbar\\Middleware\\InjectDebugbar->handle()
#19 /home/anmol/www/html/Customization/Abhishek/web-classranker/classranker/vendor/laravel/framework/src/Illuminate/Routing/Middleware/SubstituteBindings.php(51): Illuminate\\Pipeline\\Pipeline->Illuminate\\Pipeline\\{closure}()
#20 /home/anmol/www/html/Customization/Abhishek/web-classranker/classranker/vendor/laravel/framework/src/Illuminate/Pipeline/Pipeline.php(209): Illuminate\\Routing\\Middleware\\SubstituteBindings->handle()
#21 /home/anmol/www/html/Customization/Abhishek/web-classranker/classranker/vendor/laravel/framework/src/Illuminate/Foundation/Http/Middleware/VerifyCsrfToken.php(88): Illuminate\\Pipeline\\Pipeline->Illuminate\\Pipeline\\{closure}()
#22 /home/anmol/www/html/Customization/Abhishek/web-classranker/classranker/vendor/laravel/framework/src/Illuminate/Pipeline/Pipeline.php(209): Illuminate\\Foundation\\Http\\Middleware\\VerifyCsrfToken->handle()
#23 /home/anmol/www/html/Customization/Abhishek/web-classranker/classranker/vendor/laravel/framework/src/Illuminate/View/Middleware/ShareErrorsFromSession.php(49): Illuminate\\Pipeline\\Pipeline->Illuminate\\Pipeline\\{closure}()
#24 /home/anmol/www/html/Customization/Abhishek/web-classranker/classranker/vendor/laravel/framework/src/Illuminate/Pipeline/Pipeline.php(209): Illuminate\\View\\Middleware\\ShareErrorsFromSession->handle()
#25 /home/anmol/www/html/Customization/Abhishek/web-classranker/classranker/vendor/laravel/framework/src/Illuminate/Session/Middleware/StartSession.php(121): Illuminate\\Pipeline\\Pipeline->Illuminate\\Pipeline\\{closure}()
#26 /home/anmol/www/html/Customization/Abhishek/web-classranker/classranker/vendor/laravel/framework/src/Illuminate/Session/Middleware/StartSession.php(64): Illuminate\\Session\\Middleware\\StartSession->handleStatefulRequest()
#27 /home/anmol/www/html/Customization/Abhishek/web-classranker/classranker/vendor/laravel/framework/src/Illuminate/Pipeline/Pipeline.php(209): Illuminate\\Session\\Middleware\\StartSession->handle()
#28 /home/anmol/www/html/Customization/Abhishek/web-classranker/classranker/vendor/laravel/framework/src/Illuminate/Cookie/Middleware/AddQueuedCookiesToResponse.php(37): Illuminate\\Pipeline\\Pipeline->Illuminate\\Pipeline\\{closure}()
#29 /home/anmol/www/html/Customization/Abhishek/web-classranker/classranker/vendor/laravel/framework/src/Illuminate/Pipeline/Pipeline.php(209): Illuminate\\Cookie\\Middleware\\AddQueuedCookiesToResponse->handle()
#30 /home/anmol/www/html/Customization/Abhishek/web-classranker/classranker/vendor/laravel/framework/src/Illuminate/Cookie/Middleware/EncryptCookies.php(75): Illuminate\\Pipeline\\Pipeline->Illuminate\\Pipeline\\{closure}()
#31 /home/anmol/www/html/Customization/Abhishek/web-classranker/classranker/vendor/laravel/framework/src/Illuminate/Pipeline/Pipeline.php(209): Illuminate\\Cookie\\Middleware\\EncryptCookies->handle()
#32 /home/anmol/www/html/Customization/Abhishek/web-classranker/classranker/vendor/laravel/framework/src/Illuminate/Pipeline/Pipeline.php(127): Illuminate\\Pipeline\\Pipeline->Illuminate\\Pipeline\\{closure}()
#33 /home/anmol/www/html/Customization/Abhishek/web-classranker/classranker/vendor/laravel/framework/src/Illuminate/Routing/Router.php(807): Illuminate\\Pipeline\\Pipeline->then()
#34 /home/anmol/www/html/Customization/Abhishek/web-classranker/classranker/vendor/laravel/framework/src/Illuminate/Routing/Router.php(786): Illuminate\\Routing\\Router->runRouteWithinStack()
#35 /home/anmol/www/html/Customization/Abhishek/web-classranker/classranker/vendor/laravel/framework/src/Illuminate/Routing/Router.php(750): Illuminate\\Routing\\Router->runRoute()
#36 /home/anmol/www/html/Customization/Abhishek/web-classranker/classranker/vendor/laravel/framework/src/Illuminate/Routing/Router.php(739): Illuminate\\Routing\\Router->dispatchToRoute()
#37 /home/anmol/www/html/Customization/Abhishek/web-classranker/classranker/vendor/laravel/framework/src/Illuminate/Foundation/Http/Kernel.php(201): Illuminate\\Routing\\Router->dispatch()
#38 /home/anmol/www/html/Customization/Abhishek/web-classranker/classranker/vendor/laravel/framework/src/Illuminate/Pipeline/Pipeline.php(170): Illuminate\\Foundation\\Http\\Kernel->Illuminate\\Foundation\\Http\\{closure}()
#39 /home/anmol/www/html/Customization/Abhishek/web-classranker/classranker/vendor/barryvdh/laravel-debugbar/src/Middleware/InjectDebugbar.php(66): Illuminate\\Pipeline\\Pipeline->Illuminate\\Pipeline\\{closure}()
#40 /home/anmol/www/html/Customization/Abhishek/web-classranker/classranker/vendor/laravel/framework/src/Illuminate/Pipeline/Pipeline.php(209): Barryvdh\\Debugbar\\Middleware\\InjectDebugbar->handle()
#41 /home/anmol/www/html/Customization/Abhishek/web-classranker/classranker/packages/Webkul/Installer/src/Http/Middleware/CanInstall.php(36): Illuminate\\Pipeline\\Pipeline->Illuminate\\Pipeline\\{closure}()
#42 /home/anmol/www/html/Customization/Abhishek/web-classranker/classranker/vendor/laravel/framework/src/Illuminate/Pipeline/Pipeline.php(209): Webkul\\Installer\\Http\\Middleware\\CanInstall->handle()
#43 /home/anmol/www/html/Customization/Abhishek/web-classranker/classranker/packages/Webkul/Core/src/Http/Middleware/SecureHeaders.php(26): Illuminate\\Pipeline\\Pipeline->Illuminate\\Pipeline\\{closure}()
#44 /home/anmol/www/html/Customization/Abhishek/web-classranker/classranker/vendor/laravel/framework/src/Illuminate/Pipeline/Pipeline.php(209): Webkul\\Core\\Http\\Middleware\\SecureHeaders->handle()
#45 /home/anmol/www/html/Customization/Abhishek/web-classranker/classranker/vendor/laravel/framework/src/Illuminate/Foundation/Http/Middleware/TransformsRequest.php(21): Illuminate\\Pipeline\\Pipeline->Illuminate\\Pipeline\\{closure}()
#46 /home/anmol/www/html/Customization/Abhishek/web-classranker/classranker/vendor/laravel/framework/src/Illuminate/Foundation/Http/Middleware/TrimStrings.php(51): Illuminate\\Foundation\\Http\\Middleware\\TransformsRequest->handle()
#47 /home/anmol/www/html/Customization/Abhishek/web-classranker/classranker/vendor/laravel/framework/src/Illuminate/Pipeline/Pipeline.php(209): Illuminate\\Foundation\\Http\\Middleware\\TrimStrings->handle()
#48 /home/anmol/www/html/Customization/Abhishek/web-classranker/classranker/vendor/laravel/framework/src/Illuminate/Http/Middleware/ValidatePostSize.php(27): Illuminate\\Pipeline\\Pipeline->Illuminate\\Pipeline\\{closure}()
#49 /home/anmol/www/html/Customization/Abhishek/web-classranker/classranker/vendor/laravel/framework/src/Illuminate/Pipeline/Pipeline.php(209): Illuminate\\Http\\Middleware\\ValidatePostSize->handle()
#50 /home/anmol/www/html/Customization/Abhishek/web-classranker/classranker/vendor/laravel/framework/src/Illuminate/Http/Middleware/HandleCors.php(49): Illuminate\\Pipeline\\Pipeline->Illuminate\\Pipeline\\{closure}()
#51 /home/anmol/www/html/Customization/Abhishek/web-classranker/classranker/vendor/laravel/framework/src/Illuminate/Pipeline/Pipeline.php(209): Illuminate\\Http\\Middleware\\HandleCors->handle()
#52 /home/anmol/www/html/Customization/Abhishek/web-classranker/classranker/vendor/laravel/framework/src/Illuminate/Http/Middleware/TrustProxies.php(58): Illuminate\\Pipeline\\Pipeline->Illuminate\\Pipeline\\{closure}()
#53 /home/anmol/www/html/Customization/Abhishek/web-classranker/classranker/vendor/laravel/framework/src/Illuminate/Pipeline/Pipeline.php(209): Illuminate\\Http\\Middleware\\TrustProxies->handle()
#54 /home/anmol/www/html/Customization/Abhishek/web-classranker/classranker/vendor/laravel/framework/src/Illuminate/Foundation/Http/Middleware/InvokeDeferredCallbacks.php(22): Illuminate\\Pipeline\\Pipeline->Illuminate\\Pipeline\\{closure}()
#55 /home/anmol/www/html/Customization/Abhishek/web-classranker/classranker/vendor/laravel/framework/src/Illuminate/Pipeline/Pipeline.php(209): Illuminate\\Foundation\\Http\\Middleware\\InvokeDeferredCallbacks->handle()
#56 /home/anmol/www/html/Customization/Abhishek/web-classranker/classranker/vendor/laravel/framework/src/Illuminate/Pipeline/Pipeline.php(127): Illuminate\\Pipeline\\Pipeline->Illuminate\\Pipeline\\{closure}()
#57 /home/anmol/www/html/Customization/Abhishek/web-classranker/classranker/vendor/laravel/framework/src/Illuminate/Foundation/Http/Kernel.php(176): Illuminate\\Pipeline\\Pipeline->then()
#58 /home/anmol/www/html/Customization/Abhishek/web-classranker/classranker/vendor/laravel/framework/src/Illuminate/Foundation/Http/Kernel.php(145): Illuminate\\Foundation\\Http\\Kernel->sendRequestThroughRouter()
#59 /home/anmol/www/html/Customization/Abhishek/web-classranker/classranker/public/index.php(51): Illuminate\\Foundation\\Http\\Kernel->handle()
#60 {main}

[previous exception] [object] (Symfony\\Component\\Routing\\Exception\\RouteNotFoundException(code: 0): Route [admin.study_materials.videos.create] not defined. at /home/anmol/www/html/Customization/Abhishek/web-classranker/classranker/vendor/laravel/framework/src/Illuminate/Routing/UrlGenerator.php:517)
[stacktrace]
#0 /home/anmol/www/html/Customization/Abhishek/web-classranker/classranker/vendor/laravel/framework/src/Illuminate/Foundation/helpers.php(853): Illuminate\\Routing\\UrlGenerator->route()
#1 /home/anmol/www/html/Customization/Abhishek/web-classranker/classranker/storage/framework/views/be8014a9d95bd87616a5ff00e96a9357.php(22): route()
#2 /home/anmol/www/html/Customization/Abhishek/web-classranker/classranker/vendor/laravel/framework/src/Illuminate/Filesystem/Filesystem.php(123): require('...')
#3 /home/anmol/www/html/Customization/Abhishek/web-classranker/classranker/vendor/laravel/framework/src/Illuminate/Filesystem/Filesystem.php(124): Illuminate\\Filesystem\\Filesystem::Illuminate\\Filesystem\\{closure}()
#4 /home/anmol/www/html/Customization/Abhishek/web-classranker/classranker/vendor/laravel/framework/src/Illuminate/View/Engines/PhpEngine.php(58): Illuminate\\Filesystem\\Filesystem->getRequire()
#5 /home/anmol/www/html/Customization/Abhishek/web-classranker/classranker/vendor/laravel/framework/src/Illuminate/View/Engines/CompilerEngine.php(75): Illuminate\\View\\Engines\\PhpEngine->evaluatePath()
#6 /home/anmol/www/html/Customization/Abhishek/web-classranker/classranker/vendor/laravel/framework/src/Illuminate/View/View.php(209): Illuminate\\View\\Engines\\CompilerEngine->get()
#7 /home/anmol/www/html/Customization/Abhishek/web-classranker/classranker/vendor/laravel/framework/src/Illuminate/View/View.php(192): Illuminate\\View\\View->getContents()
#8 /home/anmol/www/html/Customization/Abhishek/web-classranker/classranker/vendor/laravel/framework/src/Illuminate/View/View.php(161): Illuminate\\View\\View->renderContents()
#9 /home/anmol/www/html/Customization/Abhishek/web-classranker/classranker/vendor/laravel/framework/src/Illuminate/Http/Response.php(79): Illuminate\\View\\View->render()
#10 /home/anmol/www/html/Customization/Abhishek/web-classranker/classranker/vendor/laravel/framework/src/Illuminate/Http/Response.php(35): Illuminate\\Http\\Response->setContent()
#11 /home/anmol/www/html/Customization/Abhishek/web-classranker/classranker/vendor/laravel/framework/src/Illuminate/Routing/Router.php(920): Illuminate\\Http\\Response->__construct()
#12 /home/anmol/www/html/Customization/Abhishek/web-classranker/classranker/vendor/laravel/framework/src/Illuminate/Routing/Router.php(887): Illuminate\\Routing\\Router::toResponse()
#13 /home/anmol/www/html/Customization/Abhishek/web-classranker/classranker/vendor/laravel/framework/src/Illuminate/Routing/Router.php(807): Illuminate\\Routing\\Router->prepareResponse()
#14 /home/anmol/www/html/Customization/Abhishek/web-classranker/classranker/vendor/laravel/framework/src/Illuminate/Pipeline/Pipeline.php(170): Illuminate\\Routing\\Router->Illuminate\\Routing\\{closure}()
#15 /home/anmol/www/html/Customization/Abhishek/web-classranker/classranker/packages/Webkul/Core/src/Http/Middleware/NoCacheMiddleware.php(17): Illuminate\\Pipeline\\Pipeline->Illuminate\\Pipeline\\{closure}()
#16 /home/anmol/www/html/Customization/Abhishek/web-classranker/classranker/vendor/laravel/framework/src/Illuminate/Pipeline/Pipeline.php(209): Webkul\\Core\\Http\\Middleware\\NoCacheMiddleware->handle()
#17 /home/anmol/www/html/Customization/Abhishek/web-classranker/classranker/packages/Webkul/User/src/Http/Middleware/Bouncer.php(44): Illuminate\\Pipeline\\Pipeline->Illuminate\\Pipeline\\{closure}()
#18 /home/anmol/www/html/Customization/Abhishek/web-classranker/classranker/vendor/laravel/framework/src/Illuminate/Pipeline/Pipeline.php(209): Webkul\\User\\Http\\Middleware\\Bouncer->handle()
#19 /home/anmol/www/html/Customization/Abhishek/web-classranker/classranker/packages/Webkul/Core/src/Http/Middleware/PreventRequestsDuringMaintenance.php(73): Illuminate\\Pipeline\\Pipeline->Illuminate\\Pipeline\\{closure}()
#20 /home/anmol/www/html/Customization/Abhishek/web-classranker/classranker/vendor/laravel/framework/src/Illuminate/Pipeline/Pipeline.php(209): Webkul\\Core\\Http\\Middleware\\PreventRequestsDuringMaintenance->handle()
#21 /home/anmol/www/html/Customization/Abhishek/web-classranker/classranker/vendor/barryvdh/laravel-debugbar/src/Middleware/InjectDebugbar.php(66): Illuminate\\Pipeline\\Pipeline->Illuminate\\Pipeline\\{closure}()
#22 /home/anmol/www/html/Customization/Abhishek/web-classranker/classranker/vendor/laravel/framework/src/Illuminate/Pipeline/Pipeline.php(209): Barryvdh\\Debugbar\\Middleware\\InjectDebugbar->handle()
#23 /home/anmol/www/html/Customization/Abhishek/web-classranker/classranker/vendor/laravel/framework/src/Illuminate/Routing/Middleware/SubstituteBindings.php(51): Illuminate\\Pipeline\\Pipeline->Illuminate\\Pipeline\\{closure}()
#24 /home/anmol/www/html/Customization/Abhishek/web-classranker/classranker/vendor/laravel/framework/src/Illuminate/Pipeline/Pipeline.php(209): Illuminate\\Routing\\Middleware\\SubstituteBindings->handle()
#25 /home/anmol/www/html/Customization/Abhishek/web-classranker/classranker/vendor/laravel/framework/src/Illuminate/Foundation/Http/Middleware/VerifyCsrfToken.php(88): Illuminate\\Pipeline\\Pipeline->Illuminate\\Pipeline\\{closure}()
#26 /home/anmol/www/html/Customization/Abhishek/web-classranker/classranker/vendor/laravel/framework/src/Illuminate/Pipeline/Pipeline.php(209): Illuminate\\Foundation\\Http\\Middleware\\VerifyCsrfToken->handle()
#27 /home/anmol/www/html/Customization/Abhishek/web-classranker/classranker/vendor/laravel/framework/src/Illuminate/View/Middleware/ShareErrorsFromSession.php(49): Illuminate\\Pipeline\\Pipeline->Illuminate\\Pipeline\\{closure}()
#28 /home/anmol/www/html/Customization/Abhishek/web-classranker/classranker/vendor/laravel/framework/src/Illuminate/Pipeline/Pipeline.php(209): Illuminate\\View\\Middleware\\ShareErrorsFromSession->handle()
#29 /home/anmol/www/html/Customization/Abhishek/web-classranker/classranker/vendor/laravel/framework/src/Illuminate/Session/Middleware/StartSession.php(121): Illuminate\\Pipeline\\Pipeline->Illuminate\\Pipeline\\{closure}()
#30 /home/anmol/www/html/Customization/Abhishek/web-classranker/classranker/vendor/laravel/framework/src/Illuminate/Session/Middleware/StartSession.php(64): Illuminate\\Session\\Middleware\\StartSession->handleStatefulRequest()
#31 /home/anmol/www/html/Customization/Abhishek/web-classranker/classranker/vendor/laravel/framework/src/Illuminate/Pipeline/Pipeline.php(209): Illuminate\\Session\\Middleware\\StartSession->handle()
#32 /home/anmol/www/html/Customization/Abhishek/web-classranker/classranker/vendor/laravel/framework/src/Illuminate/Cookie/Middleware/AddQueuedCookiesToResponse.php(37): Illuminate\\Pipeline\\Pipeline->Illuminate\\Pipeline\\{closure}()
#33 /home/anmol/www/html/Customization/Abhishek/web-classranker/classranker/vendor/laravel/framework/src/Illuminate/Pipeline/Pipeline.php(209): Illuminate\\Cookie\\Middleware\\AddQueuedCookiesToResponse->handle()
#34 /home/anmol/www/html/Customization/Abhishek/web-classranker/classranker/vendor/laravel/framework/src/Illuminate/Cookie/Middleware/EncryptCookies.php(75): Illuminate\\Pipeline\\Pipeline->Illuminate\\Pipeline\\{closure}()
#35 /home/anmol/www/html/Customization/Abhishek/web-classranker/classranker/vendor/laravel/framework/src/Illuminate/Pipeline/Pipeline.php(209): Illuminate\\Cookie\\Middleware\\EncryptCookies->handle()
#36 /home/anmol/www/html/Customization/Abhishek/web-classranker/classranker/vendor/laravel/framework/src/Illuminate/Pipeline/Pipeline.php(127): Illuminate\\Pipeline\\Pipeline->Illuminate\\Pipeline\\{closure}()
#37 /home/anmol/www/html/Customization/Abhishek/web-classranker/classranker/vendor/laravel/framework/src/Illuminate/Routing/Router.php(807): Illuminate\\Pipeline\\Pipeline->then()
#38 /home/anmol/www/html/Customization/Abhishek/web-classranker/classranker/vendor/laravel/framework/src/Illuminate/Routing/Router.php(786): Illuminate\\Routing\\Router->runRouteWithinStack()
#39 /home/anmol/www/html/Customization/Abhishek/web-classranker/classranker/vendor/laravel/framework/src/Illuminate/Routing/Router.php(750): Illuminate\\Routing\\Router->runRoute()
#40 /home/anmol/www/html/Customization/Abhishek/web-classranker/classranker/vendor/laravel/framework/src/Illuminate/Routing/Router.php(739): Illuminate\\Routing\\Router->dispatchToRoute()
#41 /home/anmol/www/html/Customization/Abhishek/web-classranker/classranker/vendor/laravel/framework/src/Illuminate/Foundation/Http/Kernel.php(201): Illuminate\\Routing\\Router->dispatch()
#42 /home/anmol/www/html/Customization/Abhishek/web-classranker/classranker/vendor/laravel/framework/src/Illuminate/Pipeline/Pipeline.php(170): Illuminate\\Foundation\\Http\\Kernel->Illuminate\\Foundation\\Http\\{closure}()
#43 /home/anmol/www/html/Customization/Abhishek/web-classranker/classranker/vendor/barryvdh/laravel-debugbar/src/Middleware/InjectDebugbar.php(66): Illuminate\\Pipeline\\Pipeline->Illuminate\\Pipeline\\{closure}()
#44 /home/anmol/www/html/Customization/Abhishek/web-classranker/classranker/vendor/laravel/framework/src/Illuminate/Pipeline/Pipeline.php(209): Barryvdh\\Debugbar\\Middleware\\InjectDebugbar->handle()
#45 /home/anmol/www/html/Customization/Abhishek/web-classranker/classranker/packages/Webkul/Installer/src/Http/Middleware/CanInstall.php(36): Illuminate\\Pipeline\\Pipeline->Illuminate\\Pipeline\\{closure}()
#46 /home/anmol/www/html/Customization/Abhishek/web-classranker/classranker/vendor/laravel/framework/src/Illuminate/Pipeline/Pipeline.php(209): Webkul\\Installer\\Http\\Middleware\\CanInstall->handle()
#47 /home/anmol/www/html/Customization/Abhishek/web-classranker/classranker/packages/Webkul/Core/src/Http/Middleware/SecureHeaders.php(26): Illuminate\\Pipeline\\Pipeline->Illuminate\\Pipeline\\{closure}()
#48 /home/anmol/www/html/Customization/Abhishek/web-classranker/classranker/vendor/laravel/framework/src/Illuminate/Pipeline/Pipeline.php(209): Webkul\\Core\\Http\\Middleware\\SecureHeaders->handle()
#49 /home/anmol/www/html/Customization/Abhishek/web-classranker/classranker/vendor/laravel/framework/src/Illuminate/Foundation/Http/Middleware/TransformsRequest.php(21): Illuminate\\Pipeline\\Pipeline->Illuminate\\Pipeline\\{closure}()
#50 /home/anmol/www/html/Customization/Abhishek/web-classranker/classranker/vendor/laravel/framework/src/Illuminate/Foundation/Http/Middleware/TrimStrings.php(51): Illuminate\\Foundation\\Http\\Middleware\\TransformsRequest->handle()
#51 /home/anmol/www/html/Customization/Abhishek/web-classranker/classranker/vendor/laravel/framework/src/Illuminate/Pipeline/Pipeline.php(209): Illuminate\\Foundation\\Http\\Middleware\\TrimStrings->handle()
#52 /home/anmol/www/html/Customization/Abhishek/web-classranker/classranker/vendor/laravel/framework/src/Illuminate/Http/Middleware/ValidatePostSize.php(27): Illuminate\\Pipeline\\Pipeline->Illuminate\\Pipeline\\{closure}()
#53 /home/anmol/www/html/Customization/Abhishek/web-classranker/classranker/vendor/laravel/framework/src/Illuminate/Pipeline/Pipeline.php(209): Illuminate\\Http\\Middleware\\ValidatePostSize->handle()
#54 /home/anmol/www/html/Customization/Abhishek/web-classranker/classranker/vendor/laravel/framework/src/Illuminate/Http/Middleware/HandleCors.php(49): Illuminate\\Pipeline\\Pipeline->Illuminate\\Pipeline\\{closure}()
#55 /home/anmol/www/html/Customization/Abhishek/web-classranker/classranker/vendor/laravel/framework/src/Illuminate/Pipeline/Pipeline.php(209): Illuminate\\Http\\Middleware\\HandleCors->handle()
#56 /home/anmol/www/html/Customization/Abhishek/web-classranker/classranker/vendor/laravel/framework/src/Illuminate/Http/Middleware/TrustProxies.php(58): Illuminate\\Pipeline\\Pipeline->Illuminate\\Pipeline\\{closure}()
#57 /home/anmol/www/html/Customization/Abhishek/web-classranker/classranker/vendor/laravel/framework/src/Illuminate/Pipeline/Pipeline.php(209): Illuminate\\Http\\Middleware\\TrustProxies->handle()
#58 /home/anmol/www/html/Customization/Abhishek/web-classranker/classranker/vendor/laravel/framework/src/Illuminate/Foundation/Http/Middleware/InvokeDeferredCallbacks.php(22): Illuminate\\Pipeline\\Pipeline->Illuminate\\Pipeline\\{closure}()
#59 /home/anmol/www/html/Customization/Abhishek/web-classranker/classranker/vendor/laravel/framework/src/Illuminate/Pipeline/Pipeline.php(209): Illuminate\\Foundation\\Http\\Middleware\\InvokeDeferredCallbacks->handle()
#60 /home/anmol/www/html/Customization/Abhishek/web-classranker/classranker/vendor/laravel/framework/src/Illuminate/Pipeline/Pipeline.php(127): Illuminate\\Pipeline\\Pipeline->Illuminate\\Pipeline\\{closure}()
#61 /home/anmol/www/html/Customization/Abhishek/web-classranker/classranker/vendor/laravel/framework/src/Illuminate/Foundation/Http/Kernel.php(176): Illuminate\\Pipeline\\Pipeline->then()
#62 /home/anmol/www/html/Customization/Abhishek/web-classranker/classranker/vendor/laravel/framework/src/Illuminate/Foundation/Http/Kernel.php(145): Illuminate\\Foundation\\Http\\Kernel->sendRequestThroughRouter()
#63 /home/anmol/www/html/Customization/Abhishek/web-classranker/classranker/public/index.php(51): Illuminate\\Foundation\\Http\\Kernel->handle()
#64 {main}
"} 
[2026-02-27 00:14:11] local.ERROR: Undefined variable $boards (View: /home/anmol/www/html/Customization/Abhishek/web-classranker/classranker/packages/CustomFeature/ClassRanker/src/Resources/views/study-material/videos/index.blade.php) {"exception":"[object] (Illuminate\\View\\ViewException(code: 0): Undefined variable $boards (View: /home/anmol/www/html/Customization/Abhishek/web-classranker/classranker/packages/CustomFeature/ClassRanker/src/Resources/views/study-material/videos/index.blade.php) at /home/anmol/www/html/Customization/Abhishek/web-classranker/classranker/storage/framework/views/be8014a9d95bd87616a5ff00e96a9357.php:617)
[stacktrace]
#0 /home/anmol/www/html/Customization/Abhishek/web-classranker/classranker/vendor/laravel/framework/src/Illuminate/View/Engines/PhpEngine.php(60): Illuminate\\View\\Engines\\CompilerEngine->handleViewException()
#1 /home/anmol/www/html/Customization/Abhishek/web-classranker/classranker/vendor/laravel/framework/src/Illuminate/View/Engines/CompilerEngine.php(75): Illuminate\\View\\Engines\\PhpEngine->evaluatePath()
#2 /home/anmol/www/html/Customization/Abhishek/web-classranker/classranker/vendor/laravel/framework/src/Illuminate/View/View.php(209): Illuminate\\View\\Engines\\CompilerEngine->get()
#3 /home/anmol/www/html/Customization/Abhishek/web-classranker/classranker/vendor/laravel/framework/src/Illuminate/View/View.php(192): Illuminate\\View\\View->getContents()
#4 /home/anmol/www/html/Customization/Abhishek/web-classranker/classranker/vendor/laravel/framework/src/Illuminate/View/View.php(161): Illuminate\\View\\View->renderContents()
#5 /home/anmol/www/html/Customization/Abhishek/web-classranker/classranker/vendor/laravel/framework/src/Illuminate/Http/Response.php(79): Illuminate\\View\\View->render()
#6 /home/anmol/www/html/Customization/Abhishek/web-classranker/classranker/vendor/laravel/framework/src/Illuminate/Http/Response.php(35): Illuminate\\Http\\Response->setContent()
#7 /home/anmol/www/html/Customization/Abhishek/web-classranker/classranker/vendor/laravel/framework/src/Illuminate/Routing/Router.php(920): Illuminate\\Http\\Response->__construct()
#8 /home/anmol/www/html/Customization/Abhishek/web-classranker/classranker/vendor/laravel/framework/src/Illuminate/Routing/Router.php(887): Illuminate\\Routing\\Router::toResponse()
#9 /home/anmol/www/html/Customization/Abhishek/web-classranker/classranker/vendor/laravel/framework/src/Illuminate/Routing/Router.php(807): Illuminate\\Routing\\Router->prepareResponse()
#10 /home/anmol/www/html/Customization/Abhishek/web-classranker/classranker/vendor/laravel/framework/src/Illuminate/Pipeline/Pipeline.php(170): Illuminate\\Routing\\Router->Illuminate\\Routing\\{closure}()
#11 /home/anmol/www/html/Customization/Abhishek/web-classranker/classranker/packages/Webkul/Core/src/Http/Middleware/NoCacheMiddleware.php(17): Illuminate\\Pipeline\\Pipeline->Illuminate\\Pipeline\\{closure}()
#12 /home/anmol/www/html/Customization/Abhishek/web-classranker/classranker/vendor/laravel/framework/src/Illuminate/Pipeline/Pipeline.php(209): Webkul\\Core\\Http\\Middleware\\NoCacheMiddleware->handle()
#13 /home/anmol/www/html/Customization/Abhishek/web-classranker/classranker/packages/Webkul/User/src/Http/Middleware/Bouncer.php(44): Illuminate\\Pipeline\\Pipeline->Illuminate\\Pipeline\\{closure}()
#14 /home/anmol/www/html/Customization/Abhishek/web-classranker/classranker/vendor/laravel/framework/src/Illuminate/Pipeline/Pipeline.php(209): Webkul\\User\\Http\\Middleware\\Bouncer->handle()
#15 /home/anmol/www/html/Customization/Abhishek/web-classranker/classranker/packages/Webkul/Core/src/Http/Middleware/PreventRequestsDuringMaintenance.php(73): Illuminate\\Pipeline\\Pipeline->Illuminate\\Pipeline\\{closure}()
#16 /home/anmol/www/html/Customization/Abhishek/web-classranker/classranker/vendor/laravel/framework/src/Illuminate/Pipeline/Pipeline.php(209): Webkul\\Core\\Http\\Middleware\\PreventRequestsDuringMaintenance->handle()
#17 /home/anmol/www/html/Customization/Abhishek/web-classranker/classranker/vendor/barryvdh/laravel-debugbar/src/Middleware/InjectDebugbar.php(66): Illuminate\\Pipeline\\Pipeline->Illuminate\\Pipeline\\{closure}()
#18 /home/anmol/www/html/Customization/Abhishek/web-classranker/classranker/vendor/laravel/framework/src/Illuminate/Pipeline/Pipeline.php(209): Barryvdh\\Debugbar\\Middleware\\InjectDebugbar->handle()
#19 /home/anmol/www/html/Customization/Abhishek/web-classranker/classranker/vendor/laravel/framework/src/Illuminate/Routing/Middleware/SubstituteBindings.php(51): Illuminate\\Pipeline\\Pipeline->Illuminate\\Pipeline\\{closure}()
#20 /home/anmol/www/html/Customization/Abhishek/web-classranker/classranker/vendor/laravel/framework/src/Illuminate/Pipeline/Pipeline.php(209): Illuminate\\Routing\\Middleware\\SubstituteBindings->handle()
#21 /home/anmol/www/html/Customization/Abhishek/web-classranker/classranker/vendor/laravel/framework/src/Illuminate/Foundation/Http/Middleware/VerifyCsrfToken.php(88): Illuminate\\Pipeline\\Pipeline->Illuminate\\Pipeline\\{closure}()
#22 /home/anmol/www/html/Customization/Abhishek/web-classranker/classranker/vendor/laravel/framework/src/Illuminate/Pipeline/Pipeline.php(209): Illuminate\\Foundation\\Http\\Middleware\\VerifyCsrfToken->handle()
#23 /home/anmol/www/html/Customization/Abhishek/web-classranker/classranker/vendor/laravel/framework/src/Illuminate/View/Middleware/ShareErrorsFromSession.php(49): Illuminate\\Pipeline\\Pipeline->Illuminate\\Pipeline\\{closure}()
#24 /home/anmol/www/html/Customization/Abhishek/web-classranker/classranker/vendor/laravel/framework/src/Illuminate/Pipeline/Pipeline.php(209): Illuminate\\View\\Middleware\\ShareErrorsFromSession->handle()
#25 /home/anmol/www/html/Customization/Abhishek/web-classranker/classranker/vendor/laravel/framework/src/Illuminate/Session/Middleware/StartSession.php(121): Illuminate\\Pipeline\\Pipeline->Illuminate\\Pipeline\\{closure}()
#26 /home/anmol/www/html/Customization/Abhishek/web-classranker/classranker/vendor/laravel/framework/src/Illuminate/Session/Middleware/StartSession.php(64): Illuminate\\Session\\Middleware\\StartSession->handleStatefulRequest()
#27 /home/anmol/www/html/Customization/Abhishek/web-classranker/classranker/vendor/laravel/framework/src/Illuminate/Pipeline/Pipeline.php(209): Illuminate\\Session\\Middleware\\StartSession->handle()
#28 /home/anmol/www/html/Customization/Abhishek/web-classranker/classranker/vendor/laravel/framework/src/Illuminate/Cookie/Middleware/AddQueuedCookiesToResponse.php(37): Illuminate\\Pipeline\\Pipeline->Illuminate\\Pipeline\\{closure}()
#29 /home/anmol/www/html/Customization/Abhishek/web-classranker/classranker/vendor/laravel/framework/src/Illuminate/Pipeline/Pipeline.php(209): Illuminate\\Cookie\\Middleware\\AddQueuedCookiesToResponse->handle()
#30 /home/anmol/www/html/Customization/Abhishek/web-classranker/classranker/vendor/laravel/framework/src/Illuminate/Cookie/Middleware/EncryptCookies.php(75): Illuminate\\Pipeline\\Pipeline->Illuminate\\Pipeline\\{closure}()
#31 /home/anmol/www/html/Customization/Abhishek/web-classranker/classranker/vendor/laravel/framework/src/Illuminate/Pipeline/Pipeline.php(209): Illuminate\\Cookie\\Middleware\\EncryptCookies->handle()
#32 /home/anmol/www/html/Customization/Abhishek/web-classranker/classranker/vendor/laravel/framework/src/Illuminate/Pipeline/Pipeline.php(127): Illuminate\\Pipeline\\Pipeline->Illuminate\\Pipeline\\{closure}()
#33 /home/anmol/www/html/Customization/Abhishek/web-classranker/classranker/vendor/laravel/framework/src/Illuminate/Routing/Router.php(807): Illuminate\\Pipeline\\Pipeline->then()
#34 /home/anmol/www/html/Customization/Abhishek/web-classranker/classranker/vendor/laravel/framework/src/Illuminate/Routing/Router.php(786): Illuminate\\Routing\\Router->runRouteWithinStack()
#35 /home/anmol/www/html/Customization/Abhishek/web-classranker/classranker/vendor/laravel/framework/src/Illuminate/Routing/Router.php(750): Illuminate\\Routing\\Router->runRoute()
#36 /home/anmol/www/html/Customization/Abhishek/web-classranker/classranker/vendor/laravel/framework/src/Illuminate/Routing/Router.php(739): Illuminate\\Routing\\Router->dispatchToRoute()
#37 /home/anmol/www/html/Customization/Abhishek/web-classranker/classranker/vendor/laravel/framework/src/Illuminate/Foundation/Http/Kernel.php(201): Illuminate\\Routing\\Router->dispatch()
#38 /home/anmol/www/html/Customization/Abhishek/web-classranker/classranker/vendor/laravel/framework/src/Illuminate/Pipeline/Pipeline.php(170): Illuminate\\Foundation\\Http\\Kernel->Illuminate\\Foundation\\Http\\{closure}()
#39 /home/anmol/www/html/Customization/Abhishek/web-classranker/classranker/vendor/barryvdh/laravel-debugbar/src/Middleware/InjectDebugbar.php(66): Illuminate\\Pipeline\\Pipeline->Illuminate\\Pipeline\\{closure}()
#40 /home/anmol/www/html/Customization/Abhishek/web-classranker/classranker/vendor/laravel/framework/src/Illuminate/Pipeline/Pipeline.php(209): Barryvdh\\Debugbar\\Middleware\\InjectDebugbar->handle()
#41 /home/anmol/www/html/Customization/Abhishek/web-classranker/classranker/packages/Webkul/Installer/src/Http/Middleware/CanInstall.php(36): Illuminate\\Pipeline\\Pipeline->Illuminate\\Pipeline\\{closure}()
#42 /home/anmol/www/html/Customization/Abhishek/web-classranker/classranker/vendor/laravel/framework/src/Illuminate/Pipeline/Pipeline.php(209): Webkul\\Installer\\Http\\Middleware\\CanInstall->handle()
#43 /home/anmol/www/html/Customization/Abhishek/web-classranker/classranker/packages/Webkul/Core/src/Http/Middleware/SecureHeaders.php(26): Illuminate\\Pipeline\\Pipeline->Illuminate\\Pipeline\\{closure}()
#44 /home/anmol/www/html/Customization/Abhishek/web-classranker/classranker/vendor/laravel/framework/src/Illuminate/Pipeline/Pipeline.php(209): Webkul\\Core\\Http\\Middleware\\SecureHeaders->handle()
#45 /home/anmol/www/html/Customization/Abhishek/web-classranker/classranker/vendor/laravel/framework/src/Illuminate/Foundation/Http/Middleware/TransformsRequest.php(21): Illuminate\\Pipeline\\Pipeline->Illuminate\\Pipeline\\{closure}()
#46 /home/anmol/www/html/Customization/Abhishek/web-classranker/classranker/vendor/laravel/framework/src/Illuminate/Foundation/Http/Middleware/TrimStrings.php(51): Illuminate\\Foundation\\Http\\Middleware\\TransformsRequest->handle()
#47 /home/anmol/www/html/Customization/Abhishek/web-classranker/classranker/vendor/laravel/framework/src/Illuminate/Pipeline/Pipeline.php(209): Illuminate\\Foundation\\Http\\Middleware\\TrimStrings->handle()
#48 /home/anmol/www/html/Customization/Abhishek/web-classranker/classranker/vendor/laravel/framework/src/Illuminate/Http/Middleware/ValidatePostSize.php(27): Illuminate\\Pipeline\\Pipeline->Illuminate\\Pipeline\\{closure}()
#49 /home/anmol/www/html/Customization/Abhishek/web-classranker/classranker/vendor/laravel/framework/src/Illuminate/Pipeline/Pipeline.php(209): Illuminate\\Http\\Middleware\\ValidatePostSize->handle()
#50 /home/anmol/www/html/Customization/Abhishek/web-classranker/classranker/vendor/laravel/framework/src/Illuminate/Http/Middleware/HandleCors.php(49): Illuminate\\Pipeline\\Pipeline->Illuminate\\Pipeline\\{closure}()
#51 /home/anmol/www/html/Customization/Abhishek/web-classranker/classranker/vendor/laravel/framework/src/Illuminate/Pipeline/Pipeline.php(209): Illuminate\\Http\\Middleware\\HandleCors->handle()
#52 /home/anmol/www/html/Customization/Abhishek/web-classranker/classranker/vendor/laravel/framework/src/Illuminate/Http/Middleware/TrustProxies.php(58): Illuminate\\Pipeline\\Pipeline->Illuminate\\Pipeline\\{closure}()
#53 /home/anmol/www/html/Customization/Abhishek/web-classranker/classranker/vendor/laravel/framework/src/Illuminate/Pipeline/Pipeline.php(209): Illuminate\\Http\\Middleware\\TrustProxies->handle()
#54 /home/anmol/www/html/Customization/Abhishek/web-classranker/classranker/vendor/laravel/framework/src/Illuminate/Foundation/Http/Middleware/InvokeDeferredCallbacks.php(22): Illuminate\\Pipeline\\Pipeline->Illuminate\\Pipeline\\{closure}()
#55 /home/anmol/www/html/Customization/Abhishek/web-classranker/classranker/vendor/laravel/framework/src/Illuminate/Pipeline/Pipeline.php(209): Illuminate\\Foundation\\Http\\Middleware\\InvokeDeferredCallbacks->handle()
#56 /home/anmol/www/html/Customization/Abhishek/web-classranker/classranker/vendor/laravel/framework/src/Illuminate/Pipeline/Pipeline.php(127): Illuminate\\Pipeline\\Pipeline->Illuminate\\Pipeline\\{closure}()
#57 /home/anmol/www/html/Customization/Abhishek/web-classranker/classranker/vendor/laravel/framework/src/Illuminate/Foundation/Http/Kernel.php(176): Illuminate\\Pipeline\\Pipeline->then()
#58 /home/anmol/www/html/Customization/Abhishek/web-classranker/classranker/vendor/laravel/framework/src/Illuminate/Foundation/Http/Kernel.php(145): Illuminate\\Foundation\\Http\\Kernel->sendRequestThroughRouter()
#59 /home/anmol/www/html/Customization/Abhishek/web-classranker/classranker/public/index.php(51): Illuminate\\Foundation\\Http\\Kernel->handle()
#60 {main}

[previous exception] [object] (ErrorException(code: 0): Undefined variable $boards at /home/anmol/www/html/Customization/Abhishek/web-classranker/classranker/storage/framework/views/be8014a9d95bd87616a5ff00e96a9357.php:617)
[stacktrace]
#0 /home/anmol/www/html/Customization/Abhishek/web-classranker/classranker/vendor/laravel/framework/src/Illuminate/Foundation/Bootstrap/HandleExceptions.php(256): Illuminate\\Foundation\\Bootstrap\\HandleExceptions->handleError()
#1 /home/anmol/www/html/Customization/Abhishek/web-classranker/classranker/storage/framework/views/be8014a9d95bd87616a5ff00e96a9357.php(617): Illuminate\\Foundation\\Bootstrap\\HandleExceptions->Illuminate\\Foundation\\Bootstrap\\{closure}()
#2 /home/anmol/www/html/Customization/Abhishek/web-classranker/classranker/vendor/laravel/framework/src/Illuminate/Filesystem/Filesystem.php(123): require('...')
#3 /home/anmol/www/html/Customization/Abhishek/web-classranker/classranker/vendor/laravel/framework/src/Illuminate/Filesystem/Filesystem.php(124): Illuminate\\Filesystem\\Filesystem::Illuminate\\Filesystem\\{closure}()
#4 /home/anmol/www/html/Customization/Abhishek/web-classranker/classranker/vendor/laravel/framework/src/Illuminate/View/Engines/PhpEngine.php(58): Illuminate\\Filesystem\\Filesystem->getRequire()
#5 /home/anmol/www/html/Customization/Abhishek/web-classranker/classranker/vendor/laravel/framework/src/Illuminate/View/Engines/CompilerEngine.php(75): Illuminate\\View\\Engines\\PhpEngine->evaluatePath()
#6 /home/anmol/www/html/Customization/Abhishek/web-classranker/classranker/vendor/laravel/framework/src/Illuminate/View/View.php(209): Illuminate\\View\\Engines\\CompilerEngine->get()
#7 /home/anmol/www/html/Customization/Abhishek/web-classranker/classranker/vendor/laravel/framework/src/Illuminate/View/View.php(192): Illuminate\\View\\View->getContents()
#8 /home/anmol/www/html/Customization/Abhishek/web-classranker/classranker/vendor/laravel/framework/src/Illuminate/View/View.php(161): Illuminate\\View\\View->renderContents()
#9 /home/anmol/www/html/Customization/Abhishek/web-classranker/classranker/vendor/laravel/framework/src/Illuminate/Http/Response.php(79): Illuminate\\View\\View->render()
#10 /home/anmol/www/html/Customization/Abhishek/web-classranker/classranker/vendor/laravel/framework/src/Illuminate/Http/Response.php(35): Illuminate\\Http\\Response->setContent()
#11 /home/anmol/www/html/Customization/Abhishek/web-classranker/classranker/vendor/laravel/framework/src/Illuminate/Routing/Router.php(920): Illuminate\\Http\\Response->__construct()
#12 /home/anmol/www/html/Customization/Abhishek/web-classranker/classranker/vendor/laravel/framework/src/Illuminate/Routing/Router.php(887): Illuminate\\Routing\\Router::toResponse()
#13 /home/anmol/www/html/Customization/Abhishek/web-classranker/classranker/vendor/laravel/framework/src/Illuminate/Routing/Router.php(807): Illuminate\\Routing\\Router->prepareResponse()
#14 /home/anmol/www/html/Customization/Abhishek/web-classranker/classranker/vendor/laravel/framework/src/Illuminate/Pipeline/Pipeline.php(170): Illuminate\\Routing\\Router->Illuminate\\Routing\\{closure}()
#15 /home/anmol/www/html/Customization/Abhishek/web-classranker/classranker/packages/Webkul/Core/src/Http/Middleware/NoCacheMiddleware.php(17): Illuminate\\Pipeline\\Pipeline->Illuminate\\Pipeline\\{closure}()
#16 /home/anmol/www/html/Customization/Abhishek/web-classranker/classranker/vendor/laravel/framework/src/Illuminate/Pipeline/Pipeline.php(209): Webkul\\Core\\Http\\Middleware\\NoCacheMiddleware->handle()
#17 /home/anmol/www/html/Customization/Abhishek/web-classranker/classranker/packages/Webkul/User/src/Http/Middleware/Bouncer.php(44): Illuminate\\Pipeline\\Pipeline->Illuminate\\Pipeline\\{closure}()
#18 /home/anmol/www/html/Customization/Abhishek/web-classranker/classranker/vendor/laravel/framework/src/Illuminate/Pipeline/Pipeline.php(209): Webkul\\User\\Http\\Middleware\\Bouncer->handle()
#19 /home/anmol/www/html/Customization/Abhishek/web-classranker/classranker/packages/Webkul/Core/src/Http/Middleware/PreventRequestsDuringMaintenance.php(73): Illuminate\\Pipeline\\Pipeline->Illuminate\\Pipeline\\{closure}()
#20 /home/anmol/www/html/Customization/Abhishek/web-classranker/classranker/vendor/laravel/framework/src/Illuminate/Pipeline/Pipeline.php(209): Webkul\\Core\\Http\\Middleware\\PreventRequestsDuringMaintenance->handle()
#21 /home/anmol/www/html/Customization/Abhishek/web-classranker/classranker/vendor/barryvdh/laravel-debugbar/src/Middleware/InjectDebugbar.php(66): Illuminate\\Pipeline\\Pipeline->Illuminate\\Pipeline\\{closure}()
#22 /home/anmol/www/html/Customization/Abhishek/web-classranker/classranker/vendor/laravel/framework/src/Illuminate/Pipeline/Pipeline.php(209): Barryvdh\\Debugbar\\Middleware\\InjectDebugbar->handle()
#23 /home/anmol/www/html/Customization/Abhishek/web-classranker/classranker/vendor/laravel/framework/src/Illuminate/Routing/Middleware/SubstituteBindings.php(51): Illuminate\\Pipeline\\Pipeline->Illuminate\\Pipeline\\{closure}()
#24 /home/anmol/www/html/Customization/Abhishek/web-classranker/classranker/vendor/laravel/framework/src/Illuminate/Pipeline/Pipeline.php(209): Illuminate\\Routing\\Middleware\\SubstituteBindings->handle()
#25 /home/anmol/www/html/Customization/Abhishek/web-classranker/classranker/vendor/laravel/framework/src/Illuminate/Foundation/Http/Middleware/VerifyCsrfToken.php(88): Illuminate\\Pipeline\\Pipeline->Illuminate\\Pipeline\\{closure}()
#26 /home/anmol/www/html/Customization/Abhishek/web-classranker/classranker/vendor/laravel/framework/src/Illuminate/Pipeline/Pipeline.php(209): Illuminate\\Foundation\\Http\\Middleware\\VerifyCsrfToken->handle()
#27 /home/anmol/www/html/Customization/Abhishek/web-classranker/classranker/vendor/laravel/framework/src/Illuminate/View/Middleware/ShareErrorsFromSession.php(49): Illuminate\\Pipeline\\Pipeline->Illuminate\\Pipeline\\{closure}()
#28 /home/anmol/www/html/Customization/Abhishek/web-classranker/classranker/vendor/laravel/framework/src/Illuminate/Pipeline/Pipeline.php(209): Illuminate\\View\\Middleware\\ShareErrorsFromSession->handle()
#29 /home/anmol/www/html/Customization/Abhishek/web-classranker/classranker/vendor/laravel/framework/src/Illuminate/Session/Middleware/StartSession.php(121): Illuminate\\Pipeline\\Pipeline->Illuminate\\Pipeline\\{closure}()
#30 /home/anmol/www/html/Customization/Abhishek/web-classranker/classranker/vendor/laravel/framework/src/Illuminate/Session/Middleware/StartSession.php(64): Illuminate\\Session\\Middleware\\StartSession->handleStatefulRequest()
#31 /home/anmol/www/html/Customization/Abhishek/web-classranker/classranker/vendor/laravel/framework/src/Illuminate/Pipeline/Pipeline.php(209): Illuminate\\Session\\Middleware\\StartSession->handle()
#32 /home/anmol/www/html/Customization/Abhishek/web-classranker/classranker/vendor/laravel/framework/src/Illuminate/Cookie/Middleware/AddQueuedCookiesToResponse.php(37): Illuminate\\Pipeline\\Pipeline->Illuminate\\Pipeline\\{closure}()
#33 /home/anmol/www/html/Customization/Abhishek/web-classranker/classranker/vendor/laravel/framework/src/Illuminate/Pipeline/Pipeline.php(209): Illuminate\\Cookie\\Middleware\\AddQueuedCookiesToResponse->handle()
#34 /home/anmol/www/html/Customization/Abhishek/web-classranker/classranker/vendor/laravel/framework/src/Illuminate/Cookie/Middleware/EncryptCookies.php(75): Illuminate\\Pipeline\\Pipeline->Illuminate\\Pipeline\\{closure}()
#35 /home/anmol/www/html/Customization/Abhishek/web-classranker/classranker/vendor/laravel/framework/src/Illuminate/Pipeline/Pipeline.php(209): Illuminate\\Cookie\\Middleware\\EncryptCookies->handle()
#36 /home/anmol/www/html/Customization/Abhishek/web-classranker/classranker/vendor/laravel/framework/src/Illuminate/Pipeline/Pipeline.php(127): Illuminate\\Pipeline\\Pipeline->Illuminate\\Pipeline\\{closure}()
#37 /home/anmol/www/html/Customization/Abhishek/web-classranker/classranker/vendor/laravel/framework/src/Illuminate/Routing/Router.php(807): Illuminate\\Pipeline\\Pipeline->then()
#38 /home/anmol/www/html/Customization/Abhishek/web-classranker/classranker/vendor/laravel/framework/src/Illuminate/Routing/Router.php(786): Illuminate\\Routing\\Router->runRouteWithinStack()
#39 /home/anmol/www/html/Customization/Abhishek/web-classranker/classranker/vendor/laravel/framework/src/Illuminate/Routing/Router.php(750): Illuminate\\Routing\\Router->runRoute()
#40 /home/anmol/www/html/Customization/Abhishek/web-classranker/classranker/vendor/laravel/framework/src/Illuminate/Routing/Router.php(739): Illuminate\\Routing\\Router->dispatchToRoute()
#41 /home/anmol/www/html/Customization/Abhishek/web-classranker/classranker/vendor/laravel/framework/src/Illuminate/Foundation/Http/Kernel.php(201): Illuminate\\Routing\\Router->dispatch()
#42 /home/anmol/www/html/Customization/Abhishek/web-classranker/classranker/vendor/laravel/framework/src/Illuminate/Pipeline/Pipeline.php(170): Illuminate\\Foundation\\Http\\Kernel->Illuminate\\Foundation\\Http\\{closure}()
#43 /home/anmol/www/html/Customization/Abhishek/web-classranker/classranker/vendor/barryvdh/laravel-debugbar/src/Middleware/InjectDebugbar.php(66): Illuminate\\Pipeline\\Pipeline->Illuminate\\Pipeline\\{closure}()
#44 /home/anmol/www/html/Customization/Abhishek/web-classranker/classranker/vendor/laravel/framework/src/Illuminate/Pipeline/Pipeline.php(209): Barryvdh\\Debugbar\\Middleware\\InjectDebugbar->handle()
#45 /home/anmol/www/html/Customization/Abhishek/web-classranker/classranker/packages/Webkul/Installer/src/Http/Middleware/CanInstall.php(36): Illuminate\\Pipeline\\Pipeline->Illuminate\\Pipeline\\{closure}()
#46 /home/anmol/www/html/Customization/Abhishek/web-classranker/classranker/vendor/laravel/framework/src/Illuminate/Pipeline/Pipeline.php(209): Webkul\\Installer\\Http\\Middleware\\CanInstall->handle()
#47 /home/anmol/www/html/Customization/Abhishek/web-classranker/classranker/packages/Webkul/Core/src/Http/Middleware/SecureHeaders.php(26): Illuminate\\Pipeline\\Pipeline->Illuminate\\Pipeline\\{closure}()
#48 /home/anmol/www/html/Customization/Abhishek/web-classranker/classranker/vendor/laravel/framework/src/Illuminate/Pipeline/Pipeline.php(209): Webkul\\Core\\Http\\Middleware\\SecureHeaders->handle()
#49 /home/anmol/www/html/Customization/Abhishek/web-classranker/classranker/vendor/laravel/framework/src/Illuminate/Foundation/Http/Middleware/TransformsRequest.php(21): Illuminate\\Pipeline\\Pipeline->Illuminate\\Pipeline\\{closure}()
#50 /home/anmol/www/html/Customization/Abhishek/web-classranker/classranker/vendor/laravel/framework/src/Illuminate/Foundation/Http/Middleware/TrimStrings.php(51): Illuminate\\Foundation\\Http\\Middleware\\TransformsRequest->handle()
#51 /home/anmol/www/html/Customization/Abhishek/web-classranker/classranker/vendor/laravel/framework/src/Illuminate/Pipeline/Pipeline.php(209): Illuminate\\Foundation\\Http\\Middleware\\TrimStrings->handle()
#52 /home/anmol/www/html/Customization/Abhishek/web-classranker/classranker/vendor/laravel/framework/src/Illuminate/Http/Middleware/ValidatePostSize.php(27): Illuminate\\Pipeline\\Pipeline->Illuminate\\Pipeline\\{closure}()
#53 /home/anmol/www/html/Customization/Abhishek/web-classranker/classranker/vendor/laravel/framework/src/Illuminate/Pipeline/Pipeline.php(209): Illuminate\\Http\\Middleware\\ValidatePostSize->handle()
#54 /home/anmol/www/html/Customization/Abhishek/web-classranker/classranker/vendor/laravel/framework/src/Illuminate/Http/Middleware/HandleCors.php(49): Illuminate\\Pipeline\\Pipeline->Illuminate\\Pipeline\\{closure}()
#55 /home/anmol/www/html/Customization/Abhishek/web-classranker/classranker/vendor/laravel/framework/src/Illuminate/Pipeline/Pipeline.php(209): Illuminate\\Http\\Middleware\\HandleCors->handle()
#56 /home/anmol/www/html/Customization/Abhishek/web-classranker/classranker/vendor/laravel/framework/src/Illuminate/Http/Middleware/TrustProxies.php(58): Illuminate\\Pipeline\\Pipeline->Illuminate\\Pipeline\\{closure}()
#57 /home/anmol/www/html/Customization/Abhishek/web-classranker/classranker/vendor/laravel/framework/src/Illuminate/Pipeline/Pipeline.php(209): Illuminate\\Http\\Middleware\\TrustProxies->handle()
#58 /home/anmol/www/html/Customization/Abhishek/web-classranker/classranker/vendor/laravel/framework/src/Illuminate/Foundation/Http/Middleware/InvokeDeferredCallbacks.php(22): Illuminate\\Pipeline\\Pipeline->Illuminate\\Pipeline\\{closure}()
#59 /home/anmol/www/html/Customization/Abhishek/web-classranker/classranker/vendor/laravel/framework/src/Illuminate/Pipeline/Pipeline.php(209): Illuminate\\Foundation\\Http\\Middleware\\InvokeDeferredCallbacks->handle()
#60 /home/anmol/www/html/Customization/Abhishek/web-classranker/classranker/vendor/laravel/framework/src/Illuminate/Pipeline/Pipeline.php(127): Illuminate\\Pipeline\\Pipeline->Illuminate\\Pipeline\\{closure}()
#61 /home/anmol/www/html/Customization/Abhishek/web-classranker/classranker/vendor/laravel/framework/src/Illuminate/Foundation/Http/Kernel.php(176): Illuminate\\Pipeline\\Pipeline->then()
#62 /home/anmol/www/html/Customization/Abhishek/web-classranker/classranker/vendor/laravel/framework/src/Illuminate/Foundation/Http/Kernel.php(145): Illuminate\\Foundation\\Http\\Kernel->sendRequestThroughRouter()
#63 /home/anmol/www/html/Customization/Abhishek/web-classranker/classranker/public/index.php(51): Illuminate\\Foundation\\Http\\Kernel->handle()
#64 {main}
"} 
[2026-02-27 00:14:59] local.ERROR: compact(): Undefined variable $board {"exception":"[object] (ErrorException(code: 0): compact(): Undefined variable $board at /home/anmol/www/html/Customization/Abhishek/web-classranker/classranker/packages/CustomFeature/Video/src/Http/Controllers/VideoController.php:27)
[stacktrace]
#0 /home/anmol/www/html/Customization/Abhishek/web-classranker/classranker/vendor/laravel/framework/src/Illuminate/Foundation/Bootstrap/HandleExceptions.php(256): Illuminate\\Foundation\\Bootstrap\\HandleExceptions->handleError()
#1 [internal function]: Illuminate\\Foundation\\Bootstrap\\HandleExceptions->Illuminate\\Foundation\\Bootstrap\\{closure}()
#2 /home/anmol/www/html/Customization/Abhishek/web-classranker/classranker/packages/CustomFeature/Video/src/Http/Controllers/VideoController.php(27): compact()
#3 /home/anmol/www/html/Customization/Abhishek/web-classranker/classranker/vendor/laravel/framework/src/Illuminate/Routing/Controller.php(54): CustomFeature\\Video\\Http\\Controllers\\VideoController->index()
#4 /home/anmol/www/html/Customization/Abhishek/web-classranker/classranker/vendor/laravel/framework/src/Illuminate/Routing/ControllerDispatcher.php(44): Illuminate\\Routing\\Controller->callAction()
#5 /home/anmol/www/html/Customization/Abhishek/web-classranker/classranker/vendor/laravel/framework/src/Illuminate/Routing/Route.php(266): Illuminate\\Routing\\ControllerDispatcher->dispatch()
#6 /home/anmol/www/html/Customization/Abhishek/web-classranker/classranker/vendor/laravel/framework/src/Illuminate/Routing/Route.php(212): Illuminate\\Routing\\Route->runController()
#7 /home/anmol/www/html/Customization/Abhishek/web-classranker/classranker/vendor/laravel/framework/src/Illuminate/Routing/Router.php(808): Illuminate\\Routing\\Route->run()
#8 /home/anmol/www/html/Customization/Abhishek/web-classranker/classranker/vendor/laravel/framework/src/Illuminate/Pipeline/Pipeline.php(170): Illuminate\\Routing\\Router->Illuminate\\Routing\\{closure}()
#9 /home/anmol/www/html/Customization/Abhishek/web-classranker/classranker/packages/Webkul/Core/src/Http/Middleware/NoCacheMiddleware.php(17): Illuminate\\Pipeline\\Pipeline->Illuminate\\Pipeline\\{closure}()
#10 /home/anmol/www/html/Customization/Abhishek/web-classranker/classranker/vendor/laravel/framework/src/Illuminate/Pipeline/Pipeline.php(209): Webkul\\Core\\Http\\Middleware\\NoCacheMiddleware->handle()
#11 /home/anmol/www/html/Customization/Abhishek/web-classranker/classranker/packages/Webkul/User/src/Http/Middleware/Bouncer.php(44): Illuminate\\Pipeline\\Pipeline->Illuminate\\Pipeline\\{closure}()
#12 /home/anmol/www/html/Customization/Abhishek/web-classranker/classranker/vendor/laravel/framework/src/Illuminate/Pipeline/Pipeline.php(209): Webkul\\User\\Http\\Middleware\\Bouncer->handle()
#13 /home/anmol/www/html/Customization/Abhishek/web-classranker/classranker/packages/Webkul/Core/src/Http/Middleware/PreventRequestsDuringMaintenance.php(73): Illuminate\\Pipeline\\Pipeline->Illuminate\\Pipeline\\{closure}()
#14 /home/anmol/www/html/Customization/Abhishek/web-classranker/classranker/vendor/laravel/framework/src/Illuminate/Pipeline/Pipeline.php(209): Webkul\\Core\\Http\\Middleware\\PreventRequestsDuringMaintenance->handle()
#15 /home/anmol/www/html/Customization/Abhishek/web-classranker/classranker/vendor/barryvdh/laravel-debugbar/src/Middleware/InjectDebugbar.php(66): Illuminate\\Pipeline\\Pipeline->Illuminate\\Pipeline\\{closure}()
#16 /home/anmol/www/html/Customization/Abhishek/web-classranker/classranker/vendor/laravel/framework/src/Illuminate/Pipeline/Pipeline.php(209): Barryvdh\\Debugbar\\Middleware\\InjectDebugbar->handle()
#17 /home/anmol/www/html/Customization/Abhishek/web-classranker/classranker/vendor/laravel/framework/src/Illuminate/Routing/Middleware/SubstituteBindings.php(51): Illuminate\\Pipeline\\Pipeline->Illuminate\\Pipeline\\{closure}()
#18 /home/anmol/www/html/Customization/Abhishek/web-classranker/classranker/vendor/laravel/framework/src/Illuminate/Pipeline/Pipeline.php(209): Illuminate\\Routing\\Middleware\\SubstituteBindings->handle()
#19 /home/anmol/www/html/Customization/Abhishek/web-classranker/classranker/vendor/laravel/framework/src/Illuminate/Foundation/Http/Middleware/VerifyCsrfToken.php(88): Illuminate\\Pipeline\\Pipeline->Illuminate\\Pipeline\\{closure}()
#20 /home/anmol/www/html/Customization/Abhishek/web-classranker/classranker/vendor/laravel/framework/src/Illuminate/Pipeline/Pipeline.php(209): Illuminate\\Foundation\\Http\\Middleware\\VerifyCsrfToken->handle()
#21 /home/anmol/www/html/Customization/Abhishek/web-classranker/classranker/vendor/laravel/framework/src/Illuminate/View/Middleware/ShareErrorsFromSession.php(49): Illuminate\\Pipeline\\Pipeline->Illuminate\\Pipeline\\{closure}()
#22 /home/anmol/www/html/Customization/Abhishek/web-classranker/classranker/vendor/laravel/framework/src/Illuminate/Pipeline/Pipeline.php(209): Illuminate\\View\\Middleware\\ShareErrorsFromSession->handle()
#23 /home/anmol/www/html/Customization/Abhishek/web-classranker/classranker/vendor/laravel/framework/src/Illuminate/Session/Middleware/StartSession.php(121): Illuminate\\Pipeline\\Pipeline->Illuminate\\Pipeline\\{closure}()
#24 /home/anmol/www/html/Customization/Abhishek/web-classranker/classranker/vendor/laravel/framework/src/Illuminate/Session/Middleware/StartSession.php(64): Illuminate\\Session\\Middleware\\StartSession->handleStatefulRequest()
#25 /home/anmol/www/html/Customization/Abhishek/web-classranker/classranker/vendor/laravel/framework/src/Illuminate/Pipeline/Pipeline.php(209): Illuminate\\Session\\Middleware\\StartSession->handle()
#26 /home/anmol/www/html/Customization/Abhishek/web-classranker/classranker/vendor/laravel/framework/src/Illuminate/Cookie/Middleware/AddQueuedCookiesToResponse.php(37): Illuminate\\Pipeline\\Pipeline->Illuminate\\Pipeline\\{closure}()
#27 /home/anmol/www/html/Customization/Abhishek/web-classranker/classranker/vendor/laravel/framework/src/Illuminate/Pipeline/Pipeline.php(209): Illuminate\\Cookie\\Middleware\\AddQueuedCookiesToResponse->handle()
#28 /home/anmol/www/html/Customization/Abhishek/web-classranker/classranker/vendor/laravel/framework/src/Illuminate/Cookie/Middleware/EncryptCookies.php(75): Illuminate\\Pipeline\\Pipeline->Illuminate\\Pipeline\\{closure}()
#29 /home/anmol/www/html/Customization/Abhishek/web-classranker/classranker/vendor/laravel/framework/src/Illuminate/Pipeline/Pipeline.php(209): Illuminate\\Cookie\\Middleware\\EncryptCookies->handle()
#30 /home/anmol/www/html/Customization/Abhishek/web-classranker/classranker/vendor/laravel/framework/src/Illuminate/Pipeline/Pipeline.php(127): Illuminate\\Pipeline\\Pipeline->Illuminate\\Pipeline\\{closure}()
#31 /home/anmol/www/html/Customization/Abhishek/web-classranker/classranker/vendor/laravel/framework/src/Illuminate/Routing/Router.php(807): Illuminate\\Pipeline\\Pipeline->then()
#32 /home/anmol/www/html/Customization/Abhishek/web-classranker/classranker/vendor/laravel/framework/src/Illuminate/Routing/Router.php(786): Illuminate\\Routing\\Router->runRouteWithinStack()
#33 /home/anmol/www/html/Customization/Abhishek/web-classranker/classranker/vendor/laravel/framework/src/Illuminate/Routing/Router.php(750): Illuminate\\Routing\\Router->runRoute()
#34 /home/anmol/www/html/Customization/Abhishek/web-classranker/classranker/vendor/laravel/framework/src/Illuminate/Routing/Router.php(739): Illuminate\\Routing\\Router->dispatchToRoute()
#35 /home/anmol/www/html/Customization/Abhishek/web-classranker/classranker/vendor/laravel/framework/src/Illuminate/Foundation/Http/Kernel.php(201): Illuminate\\Routing\\Router->dispatch()
#36 /home/anmol/www/html/Customization/Abhishek/web-classranker/classranker/vendor/laravel/framework/src/Illuminate/Pipeline/Pipeline.php(170): Illuminate\\Foundation\\Http\\Kernel->Illuminate\\Foundation\\Http\\{closure}()
#37 /home/anmol/www/html/Customization/Abhishek/web-classranker/classranker/vendor/barryvdh/laravel-debugbar/src/Middleware/InjectDebugbar.php(66): Illuminate\\Pipeline\\Pipeline->Illuminate\\Pipeline\\{closure}()
#38 /home/anmol/www/html/Customization/Abhishek/web-classranker/classranker/vendor/laravel/framework/src/Illuminate/Pipeline/Pipeline.php(209): Barryvdh\\Debugbar\\Middleware\\InjectDebugbar->handle()
#39 /home/anmol/www/html/Customization/Abhishek/web-classranker/classranker/packages/Webkul/Installer/src/Http/Middleware/CanInstall.php(36): Illuminate\\Pipeline\\Pipeline->Illuminate\\Pipeline\\{closure}()
#40 /home/anmol/www/html/Customization/Abhishek/web-classranker/classranker/vendor/laravel/framework/src/Illuminate/Pipeline/Pipeline.php(209): Webkul\\Installer\\Http\\Middleware\\CanInstall->handle()
#41 /home/anmol/www/html/Customization/Abhishek/web-classranker/classranker/packages/Webkul/Core/src/Http/Middleware/SecureHeaders.php(26): Illuminate\\Pipeline\\Pipeline->Illuminate\\Pipeline\\{closure}()
#42 /home/anmol/www/html/Customization/Abhishek/web-classranker/classranker/vendor/laravel/framework/src/Illuminate/Pipeline/Pipeline.php(209): Webkul\\Core\\Http\\Middleware\\SecureHeaders->handle()
#43 /home/anmol/www/html/Customization/Abhishek/web-classranker/classranker/vendor/laravel/framework/src/Illuminate/Foundation/Http/Middleware/TransformsRequest.php(21): Illuminate\\Pipeline\\Pipeline->Illuminate\\Pipeline\\{closure}()
#44 /home/anmol/www/html/Customization/Abhishek/web-classranker/classranker/vendor/laravel/framework/src/Illuminate/Foundation/Http/Middleware/TrimStrings.php(51): Illuminate\\Foundation\\Http\\Middleware\\TransformsRequest->handle()
#45 /home/anmol/www/html/Customization/Abhishek/web-classranker/classranker/vendor/laravel/framework/src/Illuminate/Pipeline/Pipeline.php(209): Illuminate\\Foundation\\Http\\Middleware\\TrimStrings->handle()
#46 /home/anmol/www/html/Customization/Abhishek/web-classranker/classranker/vendor/laravel/framework/src/Illuminate/Http/Middleware/ValidatePostSize.php(27): Illuminate\\Pipeline\\Pipeline->Illuminate\\Pipeline\\{closure}()
#47 /home/anmol/www/html/Customization/Abhishek/web-classranker/classranker/vendor/laravel/framework/src/Illuminate/Pipeline/Pipeline.php(209): Illuminate\\Http\\Middleware\\ValidatePostSize->handle()
#48 /home/anmol/www/html/Customization/Abhishek/web-classranker/classranker/vendor/laravel/framework/src/Illuminate/Http/Middleware/HandleCors.php(49): Illuminate\\Pipeline\\Pipeline->Illuminate\\Pipeline\\{closure}()
#49 /home/anmol/www/html/Customization/Abhishek/web-classranker/classranker/vendor/laravel/framework/src/Illuminate/Pipeline/Pipeline.php(209): Illuminate\\Http\\Middleware\\HandleCors->handle()
#50 /home/anmol/www/html/Customization/Abhishek/web-classranker/classranker/vendor/laravel/framework/src/Illuminate/Http/Middleware/TrustProxies.php(58): Illuminate\\Pipeline\\Pipeline->Illuminate\\Pipeline\\{closure}()
#51 /home/anmol/www/html/Customization/Abhishek/web-classranker/classranker/vendor/laravel/framework/src/Illuminate/Pipeline/Pipeline.php(209): Illuminate\\Http\\Middleware\\TrustProxies->handle()
#52 /home/anmol/www/html/Customization/Abhishek/web-classranker/classranker/vendor/laravel/framework/src/Illuminate/Foundation/Http/Middleware/InvokeDeferredCallbacks.php(22): Illuminate\\Pipeline\\Pipeline->Illuminate\\Pipeline\\{closure}()
#53 /home/anmol/www/html/Customization/Abhishek/web-classranker/classranker/vendor/laravel/framework/src/Illuminate/Pipeline/Pipeline.php(209): Illuminate\\Foundation\\Http\\Middleware\\InvokeDeferredCallbacks->handle()
#54 /home/anmol/www/html/Customization/Abhishek/web-classranker/classranker/vendor/laravel/framework/src/Illuminate/Pipeline/Pipeline.php(127): Illuminate\\Pipeline\\Pipeline->Illuminate\\Pipeline\\{closure}()
#55 /home/anmol/www/html/Customization/Abhishek/web-classranker/classranker/vendor/laravel/framework/src/Illuminate/Foundation/Http/Kernel.php(176): Illuminate\\Pipeline\\Pipeline->then()
#56 /home/anmol/www/html/Customization/Abhishek/web-classranker/classranker/vendor/laravel/framework/src/Illuminate/Foundation/Http/Kernel.php(145): Illuminate\\Foundation\\Http\\Kernel->sendRequestThroughRouter()
#57 /home/anmol/www/html/Customization/Abhishek/web-classranker/classranker/public/index.php(51): Illuminate\\Foundation\\Http\\Kernel->handle()
#58 {main}
"} 
[2026-02-27 00:15:04] local.ERROR: compact(): Undefined variable $board {"exception":"[object] (ErrorException(code: 0): compact(): Undefined variable $board at /home/anmol/www/html/Customization/Abhishek/web-classranker/classranker/packages/CustomFeature/Video/src/Http/Controllers/VideoController.php:27)
[stacktrace]
#0 /home/anmol/www/html/Customization/Abhishek/web-classranker/classranker/vendor/laravel/framework/src/Illuminate/Foundation/Bootstrap/HandleExceptions.php(256): Illuminate\\Foundation\\Bootstrap\\HandleExceptions->handleError()
#1 [internal function]: Illuminate\\Foundation\\Bootstrap\\HandleExceptions->Illuminate\\Foundation\\Bootstrap\\{closure}()
#2 /home/anmol/www/html/Customization/Abhishek/web-classranker/classranker/packages/CustomFeature/Video/src/Http/Controllers/VideoController.php(27): compact()
#3 /home/anmol/www/html/Customization/Abhishek/web-classranker/classranker/vendor/laravel/framework/src/Illuminate/Routing/Controller.php(54): CustomFeature\\Video\\Http\\Controllers\\VideoController->index()
#4 /home/anmol/www/html/Customization/Abhishek/web-classranker/classranker/vendor/laravel/framework/src/Illuminate/Routing/ControllerDispatcher.php(44): Illuminate\\Routing\\Controller->callAction()
#5 /home/anmol/www/html/Customization/Abhishek/web-classranker/classranker/vendor/laravel/framework/src/Illuminate/Routing/Route.php(266): Illuminate\\Routing\\ControllerDispatcher->dispatch()
#6 /home/anmol/www/html/Customization/Abhishek/web-classranker/classranker/vendor/laravel/framework/src/Illuminate/Routing/Route.php(212): Illuminate\\Routing\\Route->runController()
#7 /home/anmol/www/html/Customization/Abhishek/web-classranker/classranker/vendor/laravel/framework/src/Illuminate/Routing/Router.php(808): Illuminate\\Routing\\Route->run()
#8 /home/anmol/www/html/Customization/Abhishek/web-classranker/classranker/vendor/laravel/framework/src/Illuminate/Pipeline/Pipeline.php(170): Illuminate\\Routing\\Router->Illuminate\\Routing\\{closure}()
#9 /home/anmol/www/html/Customization/Abhishek/web-classranker/classranker/packages/Webkul/Core/src/Http/Middleware/NoCacheMiddleware.php(17): Illuminate\\Pipeline\\Pipeline->Illuminate\\Pipeline\\{closure}()
#10 /home/anmol/www/html/Customization/Abhishek/web-classranker/classranker/vendor/laravel/framework/src/Illuminate/Pipeline/Pipeline.php(209): Webkul\\Core\\Http\\Middleware\\NoCacheMiddleware->handle()
#11 /home/anmol/www/html/Customization/Abhishek/web-classranker/classranker/packages/Webkul/User/src/Http/Middleware/Bouncer.php(44): Illuminate\\Pipeline\\Pipeline->Illuminate\\Pipeline\\{closure}()
#12 /home/anmol/www/html/Customization/Abhishek/web-classranker/classranker/vendor/laravel/framework/src/Illuminate/Pipeline/Pipeline.php(209): Webkul\\User\\Http\\Middleware\\Bouncer->handle()
#13 /home/anmol/www/html/Customization/Abhishek/web-classranker/classranker/packages/Webkul/Core/src/Http/Middleware/PreventRequestsDuringMaintenance.php(73): Illuminate\\Pipeline\\Pipeline->Illuminate\\Pipeline\\{closure}()
#14 /home/anmol/www/html/Customization/Abhishek/web-classranker/classranker/vendor/laravel/framework/src/Illuminate/Pipeline/Pipeline.php(209): Webkul\\Core\\Http\\Middleware\\PreventRequestsDuringMaintenance->handle()
#15 /home/anmol/www/html/Customization/Abhishek/web-classranker/classranker/vendor/barryvdh/laravel-debugbar/src/Middleware/InjectDebugbar.php(66): Illuminate\\Pipeline\\Pipeline->Illuminate\\Pipeline\\{closure}()
#16 /home/anmol/www/html/Customization/Abhishek/web-classranker/classranker/vendor/laravel/framework/src/Illuminate/Pipeline/Pipeline.php(209): Barryvdh\\Debugbar\\Middleware\\InjectDebugbar->handle()
#17 /home/anmol/www/html/Customization/Abhishek/web-classranker/classranker/vendor/laravel/framework/src/Illuminate/Routing/Middleware/SubstituteBindings.php(51): Illuminate\\Pipeline\\Pipeline->Illuminate\\Pipeline\\{closure}()
#18 /home/anmol/www/html/Customization/Abhishek/web-classranker/classranker/vendor/laravel/framework/src/Illuminate/Pipeline/Pipeline.php(209): Illuminate\\Routing\\Middleware\\SubstituteBindings->handle()
#19 /home/anmol/www/html/Customization/Abhishek/web-classranker/classranker/vendor/laravel/framework/src/Illuminate/Foundation/Http/Middleware/VerifyCsrfToken.php(88): Illuminate\\Pipeline\\Pipeline->Illuminate\\Pipeline\\{closure}()
#20 /home/anmol/www/html/Customization/Abhishek/web-classranker/classranker/vendor/laravel/framework/src/Illuminate/Pipeline/Pipeline.php(209): Illuminate\\Foundation\\Http\\Middleware\\VerifyCsrfToken->handle()
#21 /home/anmol/www/html/Customization/Abhishek/web-classranker/classranker/vendor/laravel/framework/src/Illuminate/View/Middleware/ShareErrorsFromSession.php(49): Illuminate\\Pipeline\\Pipeline->Illuminate\\Pipeline\\{closure}()
#22 /home/anmol/www/html/Customization/Abhishek/web-classranker/classranker/vendor/laravel/framework/src/Illuminate/Pipeline/Pipeline.php(209): Illuminate\\View\\Middleware\\ShareErrorsFromSession->handle()
#23 /home/anmol/www/html/Customization/Abhishek/web-classranker/classranker/vendor/laravel/framework/src/Illuminate/Session/Middleware/StartSession.php(121): Illuminate\\Pipeline\\Pipeline->Illuminate\\Pipeline\\{closure}()
#24 /home/anmol/www/html/Customization/Abhishek/web-classranker/classranker/vendor/laravel/framework/src/Illuminate/Session/Middleware/StartSession.php(64): Illuminate\\Session\\Middleware\\StartSession->handleStatefulRequest()
#25 /home/anmol/www/html/Customization/Abhishek/web-classranker/classranker/vendor/laravel/framework/src/Illuminate/Pipeline/Pipeline.php(209): Illuminate\\Session\\Middleware\\StartSession->handle()
#26 /home/anmol/www/html/Customization/Abhishek/web-classranker/classranker/vendor/laravel/framework/src/Illuminate/Cookie/Middleware/AddQueuedCookiesToResponse.php(37): Illuminate\\Pipeline\\Pipeline->Illuminate\\Pipeline\\{closure}()
#27 /home/anmol/www/html/Customization/Abhishek/web-classranker/classranker/vendor/laravel/framework/src/Illuminate/Pipeline/Pipeline.php(209): Illuminate\\Cookie\\Middleware\\AddQueuedCookiesToResponse->handle()
#28 /home/anmol/www/html/Customization/Abhishek/web-classranker/classranker/vendor/laravel/framework/src/Illuminate/Cookie/Middleware/EncryptCookies.php(75): Illuminate\\Pipeline\\Pipeline->Illuminate\\Pipeline\\{closure}()
#29 /home/anmol/www/html/Customization/Abhishek/web-classranker/classranker/vendor/laravel/framework/src/Illuminate/Pipeline/Pipeline.php(209): Illuminate\\Cookie\\Middleware\\EncryptCookies->handle()
#30 /home/anmol/www/html/Customization/Abhishek/web-classranker/classranker/vendor/laravel/framework/src/Illuminate/Pipeline/Pipeline.php(127): Illuminate\\Pipeline\\Pipeline->Illuminate\\Pipeline\\{closure}()
#31 /home/anmol/www/html/Customization/Abhishek/web-classranker/classranker/vendor/laravel/framework/src/Illuminate/Routing/Router.php(807): Illuminate\\Pipeline\\Pipeline->then()
#32 /home/anmol/www/html/Customization/Abhishek/web-classranker/classranker/vendor/laravel/framework/src/Illuminate/Routing/Router.php(786): Illuminate\\Routing\\Router->runRouteWithinStack()
#33 /home/anmol/www/html/Customization/Abhishek/web-classranker/classranker/vendor/laravel/framework/src/Illuminate/Routing/Router.php(750): Illuminate\\Routing\\Router->runRoute()
#34 /home/anmol/www/html/Customization/Abhishek/web-classranker/classranker/vendor/laravel/framework/src/Illuminate/Routing/Router.php(739): Illuminate\\Routing\\Router->dispatchToRoute()
#35 /home/anmol/www/html/Customization/Abhishek/web-classranker/classranker/vendor/laravel/framework/src/Illuminate/Foundation/Http/Kernel.php(201): Illuminate\\Routing\\Router->dispatch()
#36 /home/anmol/www/html/Customization/Abhishek/web-classranker/classranker/vendor/laravel/framework/src/Illuminate/Pipeline/Pipeline.php(170): Illuminate\\Foundation\\Http\\Kernel->Illuminate\\Foundation\\Http\\{closure}()
#37 /home/anmol/www/html/Customization/Abhishek/web-classranker/classranker/vendor/barryvdh/laravel-debugbar/src/Middleware/InjectDebugbar.php(66): Illuminate\\Pipeline\\Pipeline->Illuminate\\Pipeline\\{closure}()
#38 /home/anmol/www/html/Customization/Abhishek/web-classranker/classranker/vendor/laravel/framework/src/Illuminate/Pipeline/Pipeline.php(209): Barryvdh\\Debugbar\\Middleware\\InjectDebugbar->handle()
#39 /home/anmol/www/html/Customization/Abhishek/web-classranker/classranker/packages/Webkul/Installer/src/Http/Middleware/CanInstall.php(36): Illuminate\\Pipeline\\Pipeline->Illuminate\\Pipeline\\{closure}()
#40 /home/anmol/www/html/Customization/Abhishek/web-classranker/classranker/vendor/laravel/framework/src/Illuminate/Pipeline/Pipeline.php(209): Webkul\\Installer\\Http\\Middleware\\CanInstall->handle()
#41 /home/anmol/www/html/Customization/Abhishek/web-classranker/classranker/packages/Webkul/Core/src/Http/Middleware/SecureHeaders.php(26): Illuminate\\Pipeline\\Pipeline->Illuminate\\Pipeline\\{closure}()
#42 /home/anmol/www/html/Customization/Abhishek/web-classranker/classranker/vendor/laravel/framework/src/Illuminate/Pipeline/Pipeline.php(209): Webkul\\Core\\Http\\Middleware\\SecureHeaders->handle()
#43 /home/anmol/www/html/Customization/Abhishek/web-classranker/classranker/vendor/laravel/framework/src/Illuminate/Foundation/Http/Middleware/TransformsRequest.php(21): Illuminate\\Pipeline\\Pipeline->Illuminate\\Pipeline\\{closure}()
#44 /home/anmol/www/html/Customization/Abhishek/web-classranker/classranker/vendor/laravel/framework/src/Illuminate/Foundation/Http/Middleware/TrimStrings.php(51): Illuminate\\Foundation\\Http\\Middleware\\TransformsRequest->handle()
#45 /home/anmol/www/html/Customization/Abhishek/web-classranker/classranker/vendor/laravel/framework/src/Illuminate/Pipeline/Pipeline.php(209): Illuminate\\Foundation\\Http\\Middleware\\TrimStrings->handle()
#46 /home/anmol/www/html/Customization/Abhishek/web-classranker/classranker/vendor/laravel/framework/src/Illuminate/Http/Middleware/ValidatePostSize.php(27): Illuminate\\Pipeline\\Pipeline->Illuminate\\Pipeline\\{closure}()
#47 /home/anmol/www/html/Customization/Abhishek/web-classranker/classranker/vendor/laravel/framework/src/Illuminate/Pipeline/Pipeline.php(209): Illuminate\\Http\\Middleware\\ValidatePostSize->handle()
#48 /home/anmol/www/html/Customization/Abhishek/web-classranker/classranker/vendor/laravel/framework/src/Illuminate/Http/Middleware/HandleCors.php(49): Illuminate\\Pipeline\\Pipeline->Illuminate\\Pipeline\\{closure}()
#49 /home/anmol/www/html/Customization/Abhishek/web-classranker/classranker/vendor/laravel/framework/src/Illuminate/Pipeline/Pipeline.php(209): Illuminate\\Http\\Middleware\\HandleCors->handle()
#50 /home/anmol/www/html/Customization/Abhishek/web-classranker/classranker/vendor/laravel/framework/src/Illuminate/Http/Middleware/TrustProxies.php(58): Illuminate\\Pipeline\\Pipeline->Illuminate\\Pipeline\\{closure}()
#51 /home/anmol/www/html/Customization/Abhishek/web-classranker/classranker/vendor/laravel/framework/src/Illuminate/Pipeline/Pipeline.php(209): Illuminate\\Http\\Middleware\\TrustProxies->handle()
#52 /home/anmol/www/html/Customization/Abhishek/web-classranker/classranker/vendor/laravel/framework/src/Illuminate/Foundation/Http/Middleware/InvokeDeferredCallbacks.php(22): Illuminate\\Pipeline\\Pipeline->Illuminate\\Pipeline\\{closure}()
#53 /home/anmol/www/html/Customization/Abhishek/web-classranker/classranker/vendor/laravel/framework/src/Illuminate/Pipeline/Pipeline.php(209): Illuminate\\Foundation\\Http\\Middleware\\InvokeDeferredCallbacks->handle()
#54 /home/anmol/www/html/Customization/Abhishek/web-classranker/classranker/vendor/laravel/framework/src/Illuminate/Pipeline/Pipeline.php(127): Illuminate\\Pipeline\\Pipeline->Illuminate\\Pipeline\\{closure}()
#55 /home/anmol/www/html/Customization/Abhishek/web-classranker/classranker/vendor/laravel/framework/src/Illuminate/Foundation/Http/Kernel.php(176): Illuminate\\Pipeline\\Pipeline->then()
#56 /home/anmol/www/html/Customization/Abhishek/web-classranker/classranker/vendor/laravel/framework/src/Illuminate/Foundation/Http/Kernel.php(145): Illuminate\\Foundation\\Http\\Kernel->sendRequestThroughRouter()
#57 /home/anmol/www/html/Customization/Abhishek/web-classranker/classranker/public/index.php(51): Illuminate\\Foundation\\Http\\Kernel->handle()
#58 {main}
"} 
[2026-02-27 00:15:19] local.ERROR: Undefined variable $boards (View: /home/anmol/www/html/Customization/Abhishek/web-classranker/classranker/packages/CustomFeature/ClassRanker/src/Resources/views/study-material/videos/index.blade.php) {"exception":"[object] (Illuminate\\View\\ViewException(code: 0): Undefined variable $boards (View: /home/anmol/www/html/Customization/Abhishek/web-classranker/classranker/packages/CustomFeature/ClassRanker/src/Resources/views/study-material/videos/index.blade.php) at /home/anmol/www/html/Customization/Abhishek/web-classranker/classranker/storage/framework/views/be8014a9d95bd87616a5ff00e96a9357.php:617)
[stacktrace]
#0 /home/anmol/www/html/Customization/Abhishek/web-classranker/classranker/vendor/laravel/framework/src/Illuminate/View/Engines/PhpEngine.php(60): Illuminate\\View\\Engines\\CompilerEngine->handleViewException()
#1 /home/anmol/www/html/Customization/Abhishek/web-classranker/classranker/vendor/laravel/framework/src/Illuminate/View/Engines/CompilerEngine.php(75): Illuminate\\View\\Engines\\PhpEngine->evaluatePath()
#2 /home/anmol/www/html/Customization/Abhishek/web-classranker/classranker/vendor/laravel/framework/src/Illuminate/View/View.php(209): Illuminate\\View\\Engines\\CompilerEngine->get()
#3 /home/anmol/www/html/Customization/Abhishek/web-classranker/classranker/vendor/laravel/framework/src/Illuminate/View/View.php(192): Illuminate\\View\\View->getContents()
#4 /home/anmol/www/html/Customization/Abhishek/web-classranker/classranker/vendor/laravel/framework/src/Illuminate/View/View.php(161): Illuminate\\View\\View->renderContents()
#5 /home/anmol/www/html/Customization/Abhishek/web-classranker/classranker/vendor/laravel/framework/src/Illuminate/Http/Response.php(79): Illuminate\\View\\View->render()
#6 /home/anmol/www/html/Customization/Abhishek/web-classranker/classranker/vendor/laravel/framework/src/Illuminate/Http/Response.php(35): Illuminate\\Http\\Response->setContent()
#7 /home/anmol/www/html/Customization/Abhishek/web-classranker/classranker/vendor/laravel/framework/src/Illuminate/Routing/Router.php(920): Illuminate\\Http\\Response->__construct()
#8 /home/anmol/www/html/Customization/Abhishek/web-classranker/classranker/vendor/laravel/framework/src/Illuminate/Routing/Router.php(887): Illuminate\\Routing\\Router::toResponse()
#9 /home/anmol/www/html/Customization/Abhishek/web-classranker/classranker/vendor/laravel/framework/src/Illuminate/Routing/Router.php(807): Illuminate\\Routing\\Router->prepareResponse()
#10 /home/anmol/www/html/Customization/Abhishek/web-classranker/classranker/vendor/laravel/framework/src/Illuminate/Pipeline/Pipeline.php(170): Illuminate\\Routing\\Router->Illuminate\\Routing\\{closure}()
#11 /home/anmol/www/html/Customization/Abhishek/web-classranker/classranker/packages/Webkul/Core/src/Http/Middleware/NoCacheMiddleware.php(17): Illuminate\\Pipeline\\Pipeline->Illuminate\\Pipeline\\{closure}()
#12 /home/anmol/www/html/Customization/Abhishek/web-classranker/classranker/vendor/laravel/framework/src/Illuminate/Pipeline/Pipeline.php(209): Webkul\\Core\\Http\\Middleware\\NoCacheMiddleware->handle()
#13 /home/anmol/www/html/Customization/Abhishek/web-classranker/classranker/packages/Webkul/User/src/Http/Middleware/Bouncer.php(44): Illuminate\\Pipeline\\Pipeline->Illuminate\\Pipeline\\{closure}()
#14 /home/anmol/www/html/Customization/Abhishek/web-classranker/classranker/vendor/laravel/framework/src/Illuminate/Pipeline/Pipeline.php(209): Webkul\\User\\Http\\Middleware\\Bouncer->handle()
#15 /home/anmol/www/html/Customization/Abhishek/web-classranker/classranker/packages/Webkul/Core/src/Http/Middleware/PreventRequestsDuringMaintenance.php(73): Illuminate\\Pipeline\\Pipeline->Illuminate\\Pipeline\\{closure}()
#16 /home/anmol/www/html/Customization/Abhishek/web-classranker/classranker/vendor/laravel/framework/src/Illuminate/Pipeline/Pipeline.php(209): Webkul\\Core\\Http\\Middleware\\PreventRequestsDuringMaintenance->handle()
#17 /home/anmol/www/html/Customization/Abhishek/web-classranker/classranker/vendor/barryvdh/laravel-debugbar/src/Middleware/InjectDebugbar.php(66): Illuminate\\Pipeline\\Pipeline->Illuminate\\Pipeline\\{closure}()
#18 /home/anmol/www/html/Customization/Abhishek/web-classranker/classranker/vendor/laravel/framework/src/Illuminate/Pipeline/Pipeline.php(209): Barryvdh\\Debugbar\\Middleware\\InjectDebugbar->handle()
#19 /home/anmol/www/html/Customization/Abhishek/web-classranker/classranker/vendor/laravel/framework/src/Illuminate/Routing/Middleware/SubstituteBindings.php(51): Illuminate\\Pipeline\\Pipeline->Illuminate\\Pipeline\\{closure}()
#20 /home/anmol/www/html/Customization/Abhishek/web-classranker/classranker/vendor/laravel/framework/src/Illuminate/Pipeline/Pipeline.php(209): Illuminate\\Routing\\Middleware\\SubstituteBindings->handle()
#21 /home/anmol/www/html/Customization/Abhishek/web-classranker/classranker/vendor/laravel/framework/src/Illuminate/Foundation/Http/Middleware/VerifyCsrfToken.php(88): Illuminate\\Pipeline\\Pipeline->Illuminate\\Pipeline\\{closure}()
#22 /home/anmol/www/html/Customization/Abhishek/web-classranker/classranker/vendor/laravel/framework/src/Illuminate/Pipeline/Pipeline.php(209): Illuminate\\Foundation\\Http\\Middleware\\VerifyCsrfToken->handle()
#23 /home/anmol/www/html/Customization/Abhishek/web-classranker/classranker/vendor/laravel/framework/src/Illuminate/View/Middleware/ShareErrorsFromSession.php(49): Illuminate\\Pipeline\\Pipeline->Illuminate\\Pipeline\\{closure}()
#24 /home/anmol/www/html/Customization/Abhishek/web-classranker/classranker/vendor/laravel/framework/src/Illuminate/Pipeline/Pipeline.php(209): Illuminate\\View\\Middleware\\ShareErrorsFromSession->handle()
#25 /home/anmol/www/html/Customization/Abhishek/web-classranker/classranker/vendor/laravel/framework/src/Illuminate/Session/Middleware/StartSession.php(121): Illuminate\\Pipeline\\Pipeline->Illuminate\\Pipeline\\{closure}()
#26 /home/anmol/www/html/Customization/Abhishek/web-classranker/classranker/vendor/laravel/framework/src/Illuminate/Session/Middleware/StartSession.php(64): Illuminate\\Session\\Middleware\\StartSession->handleStatefulRequest()
#27 /home/anmol/www/html/Customization/Abhishek/web-classranker/classranker/vendor/laravel/framework/src/Illuminate/Pipeline/Pipeline.php(209): Illuminate\\Session\\Middleware\\StartSession->handle()
#28 /home/anmol/www/html/Customization/Abhishek/web-classranker/classranker/vendor/laravel/framework/src/Illuminate/Cookie/Middleware/AddQueuedCookiesToResponse.php(37): Illuminate\\Pipeline\\Pipeline->Illuminate\\Pipeline\\{closure}()
#29 /home/anmol/www/html/Customization/Abhishek/web-classranker/classranker/vendor/laravel/framework/src/Illuminate/Pipeline/Pipeline.php(209): Illuminate\\Cookie\\Middleware\\AddQueuedCookiesToResponse->handle()
#30 /home/anmol/www/html/Customization/Abhishek/web-classranker/classranker/vendor/laravel/framework/src/Illuminate/Cookie/Middleware/EncryptCookies.php(75): Illuminate\\Pipeline\\Pipeline->Illuminate\\Pipeline\\{closure}()
#31 /home/anmol/www/html/Customization/Abhishek/web-classranker/classranker/vendor/laravel/framework/src/Illuminate/Pipeline/Pipeline.php(209): Illuminate\\Cookie\\Middleware\\EncryptCookies->handle()
#32 /home/anmol/www/html/Customization/Abhishek/web-classranker/classranker/vendor/laravel/framework/src/Illuminate/Pipeline/Pipeline.php(127): Illuminate\\Pipeline\\Pipeline->Illuminate\\Pipeline\\{closure}()
#33 /home/anmol/www/html/Customization/Abhishek/web-classranker/classranker/vendor/laravel/framework/src/Illuminate/Routing/Router.php(807): Illuminate\\Pipeline\\Pipeline->then()
#34 /home/anmol/www/html/Customization/Abhishek/web-classranker/classranker/vendor/laravel/framework/src/Illuminate/Routing/Router.php(786): Illuminate\\Routing\\Router->runRouteWithinStack()
#35 /home/anmol/www/html/Customization/Abhishek/web-classranker/classranker/vendor/laravel/framework/src/Illuminate/Routing/Router.php(750): Illuminate\\Routing\\Router->runRoute()
#36 /home/anmol/www/html/Customization/Abhishek/web-classranker/classranker/vendor/laravel/framework/src/Illuminate/Routing/Router.php(739): Illuminate\\Routing\\Router->dispatchToRoute()
#37 /home/anmol/www/html/Customization/Abhishek/web-classranker/classranker/vendor/laravel/framework/src/Illuminate/Foundation/Http/Kernel.php(201): Illuminate\\Routing\\Router->dispatch()
#38 /home/anmol/www/html/Customization/Abhishek/web-classranker/classranker/vendor/laravel/framework/src/Illuminate/Pipeline/Pipeline.php(170): Illuminate\\Foundation\\Http\\Kernel->Illuminate\\Foundation\\Http\\{closure}()
#39 /home/anmol/www/html/Customization/Abhishek/web-classranker/classranker/vendor/barryvdh/laravel-debugbar/src/Middleware/InjectDebugbar.php(66): Illuminate\\Pipeline\\Pipeline->Illuminate\\Pipeline\\{closure}()
#40 /home/anmol/www/html/Customization/Abhishek/web-classranker/classranker/vendor/laravel/framework/src/Illuminate/Pipeline/Pipeline.php(209): Barryvdh\\Debugbar\\Middleware\\InjectDebugbar->handle()
#41 /home/anmol/www/html/Customization/Abhishek/web-classranker/classranker/packages/Webkul/Installer/src/Http/Middleware/CanInstall.php(36): Illuminate\\Pipeline\\Pipeline->Illuminate\\Pipeline\\{closure}()
#42 /home/anmol/www/html/Customization/Abhishek/web-classranker/classranker/vendor/laravel/framework/src/Illuminate/Pipeline/Pipeline.php(209): Webkul\\Installer\\Http\\Middleware\\CanInstall->handle()
#43 /home/anmol/www/html/Customization/Abhishek/web-classranker/classranker/packages/Webkul/Core/src/Http/Middleware/SecureHeaders.php(26): Illuminate\\Pipeline\\Pipeline->Illuminate\\Pipeline\\{closure}()
#44 /home/anmol/www/html/Customization/Abhishek/web-classranker/classranker/vendor/laravel/framework/src/Illuminate/Pipeline/Pipeline.php(209): Webkul\\Core\\Http\\Middleware\\SecureHeaders->handle()
#45 /home/anmol/www/html/Customization/Abhishek/web-classranker/classranker/vendor/laravel/framework/src/Illuminate/Foundation/Http/Middleware/TransformsRequest.php(21): Illuminate\\Pipeline\\Pipeline->Illuminate\\Pipeline\\{closure}()
#46 /home/anmol/www/html/Customization/Abhishek/web-classranker/classranker/vendor/laravel/framework/src/Illuminate/Foundation/Http/Middleware/TrimStrings.php(51): Illuminate\\Foundation\\Http\\Middleware\\TransformsRequest->handle()
#47 /home/anmol/www/html/Customization/Abhishek/web-classranker/classranker/vendor/laravel/framework/src/Illuminate/Pipeline/Pipeline.php(209): Illuminate\\Foundation\\Http\\Middleware\\TrimStrings->handle()
#48 /home/anmol/www/html/Customization/Abhishek/web-classranker/classranker/vendor/laravel/framework/src/Illuminate/Http/Middleware/ValidatePostSize.php(27): Illuminate\\Pipeline\\Pipeline->Illuminate\\Pipeline\\{closure}()
#49 /home/anmol/www/html/Customization/Abhishek/web-classranker/classranker/vendor/laravel/framework/src/Illuminate/Pipeline/Pipeline.php(209): Illuminate\\Http\\Middleware\\ValidatePostSize->handle()
#50 /home/anmol/www/html/Customization/Abhishek/web-classranker/classranker/vendor/laravel/framework/src/Illuminate/Http/Middleware/HandleCors.php(49): Illuminate\\Pipeline\\Pipeline->Illuminate\\Pipeline\\{closure}()
#51 /home/anmol/www/html/Customization/Abhishek/web-classranker/classranker/vendor/laravel/framework/src/Illuminate/Pipeline/Pipeline.php(209): Illuminate\\Http\\Middleware\\HandleCors->handle()
#52 /home/anmol/www/html/Customization/Abhishek/web-classranker/classranker/vendor/laravel/framework/src/Illuminate/Http/Middleware/TrustProxies.php(58): Illuminate\\Pipeline\\Pipeline->Illuminate\\Pipeline\\{closure}()
#53 /home/anmol/www/html/Customization/Abhishek/web-classranker/classranker/vendor/laravel/framework/src/Illuminate/Pipeline/Pipeline.php(209): Illuminate\\Http\\Middleware\\TrustProxies->handle()
#54 /home/anmol/www/html/Customization/Abhishek/web-classranker/classranker/vendor/laravel/framework/src/Illuminate/Foundation/Http/Middleware/InvokeDeferredCallbacks.php(22): Illuminate\\Pipeline\\Pipeline->Illuminate\\Pipeline\\{closure}()
#55 /home/anmol/www/html/Customization/Abhishek/web-classranker/classranker/vendor/laravel/framework/src/Illuminate/Pipeline/Pipeline.php(209): Illuminate\\Foundation\\Http\\Middleware\\InvokeDeferredCallbacks->handle()
#56 /home/anmol/www/html/Customization/Abhishek/web-classranker/classranker/vendor/laravel/framework/src/Illuminate/Pipeline/Pipeline.php(127): Illuminate\\Pipeline\\Pipeline->Illuminate\\Pipeline\\{closure}()
#57 /home/anmol/www/html/Customization/Abhishek/web-classranker/classranker/vendor/laravel/framework/src/Illuminate/Foundation/Http/Kernel.php(176): Illuminate\\Pipeline\\Pipeline->then()
#58 /home/anmol/www/html/Customization/Abhishek/web-classranker/classranker/vendor/laravel/framework/src/Illuminate/Foundation/Http/Kernel.php(145): Illuminate\\Foundation\\Http\\Kernel->sendRequestThroughRouter()
#59 /home/anmol/www/html/Customization/Abhishek/web-classranker/classranker/public/index.php(51): Illuminate\\Foundation\\Http\\Kernel->handle()
#60 {main}

[previous exception] [object] (ErrorException(code: 0): Undefined variable $boards at /home/anmol/www/html/Customization/Abhishek/web-classranker/classranker/storage/framework/views/be8014a9d95bd87616a5ff00e96a9357.php:617)
[stacktrace]
#0 /home/anmol/www/html/Customization/Abhishek/web-classranker/classranker/vendor/laravel/framework/src/Illuminate/Foundation/Bootstrap/HandleExceptions.php(256): Illuminate\\Foundation\\Bootstrap\\HandleExceptions->handleError()
#1 /home/anmol/www/html/Customization/Abhishek/web-classranker/classranker/storage/framework/views/be8014a9d95bd87616a5ff00e96a9357.php(617): Illuminate\\Foundation\\Bootstrap\\HandleExceptions->Illuminate\\Foundation\\Bootstrap\\{closure}()
#2 /home/anmol/www/html/Customization/Abhishek/web-classranker/classranker/vendor/laravel/framework/src/Illuminate/Filesystem/Filesystem.php(123): require('...')
#3 /home/anmol/www/html/Customization/Abhishek/web-classranker/classranker/vendor/laravel/framework/src/Illuminate/Filesystem/Filesystem.php(124): Illuminate\\Filesystem\\Filesystem::Illuminate\\Filesystem\\{closure}()
#4 /home/anmol/www/html/Customization/Abhishek/web-classranker/classranker/vendor/laravel/framework/src/Illuminate/View/Engines/PhpEngine.php(58): Illuminate\\Filesystem\\Filesystem->getRequire()
#5 /home/anmol/www/html/Customization/Abhishek/web-classranker/classranker/vendor/laravel/framework/src/Illuminate/View/Engines/CompilerEngine.php(75): Illuminate\\View\\Engines\\PhpEngine->evaluatePath()
#6 /home/anmol/www/html/Customization/Abhishek/web-classranker/classranker/vendor/laravel/framework/src/Illuminate/View/View.php(209): Illuminate\\View\\Engines\\CompilerEngine->get()
#7 /home/anmol/www/html/Customization/Abhishek/web-classranker/classranker/vendor/laravel/framework/src/Illuminate/View/View.php(192): Illuminate\\View\\View->getContents()
#8 /home/anmol/www/html/Customization/Abhishek/web-classranker/classranker/vendor/laravel/framework/src/Illuminate/View/View.php(161): Illuminate\\View\\View->renderContents()
#9 /home/anmol/www/html/Customization/Abhishek/web-classranker/classranker/vendor/laravel/framework/src/Illuminate/Http/Response.php(79): Illuminate\\View\\View->render()
#10 /home/anmol/www/html/Customization/Abhishek/web-classranker/classranker/vendor/laravel/framework/src/Illuminate/Http/Response.php(35): Illuminate\\Http\\Response->setContent()
#11 /home/anmol/www/html/Customization/Abhishek/web-classranker/classranker/vendor/laravel/framework/src/Illuminate/Routing/Router.php(920): Illuminate\\Http\\Response->__construct()
#12 /home/anmol/www/html/Customization/Abhishek/web-classranker/classranker/vendor/laravel/framework/src/Illuminate/Routing/Router.php(887): Illuminate\\Routing\\Router::toResponse()
#13 /home/anmol/www/html/Customization/Abhishek/web-classranker/classranker/vendor/laravel/framework/src/Illuminate/Routing/Router.php(807): Illuminate\\Routing\\Router->prepareResponse()
#14 /home/anmol/www/html/Customization/Abhishek/web-classranker/classranker/vendor/laravel/framework/src/Illuminate/Pipeline/Pipeline.php(170): Illuminate\\Routing\\Router->Illuminate\\Routing\\{closure}()
#15 /home/anmol/www/html/Customization/Abhishek/web-classranker/classranker/packages/Webkul/Core/src/Http/Middleware/NoCacheMiddleware.php(17): Illuminate\\Pipeline\\Pipeline->Illuminate\\Pipeline\\{closure}()
#16 /home/anmol/www/html/Customization/Abhishek/web-classranker/classranker/vendor/laravel/framework/src/Illuminate/Pipeline/Pipeline.php(209): Webkul\\Core\\Http\\Middleware\\NoCacheMiddleware->handle()
#17 /home/anmol/www/html/Customization/Abhishek/web-classranker/classranker/packages/Webkul/User/src/Http/Middleware/Bouncer.php(44): Illuminate\\Pipeline\\Pipeline->Illuminate\\Pipeline\\{closure}()
#18 /home/anmol/www/html/Customization/Abhishek/web-classranker/classranker/vendor/laravel/framework/src/Illuminate/Pipeline/Pipeline.php(209): Webkul\\User\\Http\\Middleware\\Bouncer->handle()
#19 /home/anmol/www/html/Customization/Abhishek/web-classranker/classranker/packages/Webkul/Core/src/Http/Middleware/PreventRequestsDuringMaintenance.php(73): Illuminate\\Pipeline\\Pipeline->Illuminate\\Pipeline\\{closure}()
#20 /home/anmol/www/html/Customization/Abhishek/web-classranker/classranker/vendor/laravel/framework/src/Illuminate/Pipeline/Pipeline.php(209): Webkul\\Core\\Http\\Middleware\\PreventRequestsDuringMaintenance->handle()
#21 /home/anmol/www/html/Customization/Abhishek/web-classranker/classranker/vendor/barryvdh/laravel-debugbar/src/Middleware/InjectDebugbar.php(66): Illuminate\\Pipeline\\Pipeline->Illuminate\\Pipeline\\{closure}()
#22 /home/anmol/www/html/Customization/Abhishek/web-classranker/classranker/vendor/laravel/framework/src/Illuminate/Pipeline/Pipeline.php(209): Barryvdh\\Debugbar\\Middleware\\InjectDebugbar->handle()
#23 /home/anmol/www/html/Customization/Abhishek/web-classranker/classranker/vendor/laravel/framework/src/Illuminate/Routing/Middleware/SubstituteBindings.php(51): Illuminate\\Pipeline\\Pipeline->Illuminate\\Pipeline\\{closure}()
#24 /home/anmol/www/html/Customization/Abhishek/web-classranker/classranker/vendor/laravel/framework/src/Illuminate/Pipeline/Pipeline.php(209): Illuminate\\Routing\\Middleware\\SubstituteBindings->handle()
#25 /home/anmol/www/html/Customization/Abhishek/web-classranker/classranker/vendor/laravel/framework/src/Illuminate/Foundation/Http/Middleware/VerifyCsrfToken.php(88): Illuminate\\Pipeline\\Pipeline->Illuminate\\Pipeline\\{closure}()
#26 /home/anmol/www/html/Customization/Abhishek/web-classranker/classranker/vendor/laravel/framework/src/Illuminate/Pipeline/Pipeline.php(209): Illuminate\\Foundation\\Http\\Middleware\\VerifyCsrfToken->handle()
#27 /home/anmol/www/html/Customization/Abhishek/web-classranker/classranker/vendor/laravel/framework/src/Illuminate/View/Middleware/ShareErrorsFromSession.php(49): Illuminate\\Pipeline\\Pipeline->Illuminate\\Pipeline\\{closure}()
#28 /home/anmol/www/html/Customization/Abhishek/web-classranker/classranker/vendor/laravel/framework/src/Illuminate/Pipeline/Pipeline.php(209): Illuminate\\View\\Middleware\\ShareErrorsFromSession->handle()
#29 /home/anmol/www/html/Customization/Abhishek/web-classranker/classranker/vendor/laravel/framework/src/Illuminate/Session/Middleware/StartSession.php(121): Illuminate\\Pipeline\\Pipeline->Illuminate\\Pipeline\\{closure}()
#30 /home/anmol/www/html/Customization/Abhishek/web-classranker/classranker/vendor/laravel/framework/src/Illuminate/Session/Middleware/StartSession.php(64): Illuminate\\Session\\Middleware\\StartSession->handleStatefulRequest()
#31 /home/anmol/www/html/Customization/Abhishek/web-classranker/classranker/vendor/laravel/framework/src/Illuminate/Pipeline/Pipeline.php(209): Illuminate\\Session\\Middleware\\StartSession->handle()
#32 /home/anmol/www/html/Customization/Abhishek/web-classranker/classranker/vendor/laravel/framework/src/Illuminate/Cookie/Middleware/AddQueuedCookiesToResponse.php(37): Illuminate\\Pipeline\\Pipeline->Illuminate\\Pipeline\\{closure}()
#33 /home/anmol/www/html/Customization/Abhishek/web-classranker/classranker/vendor/laravel/framework/src/Illuminate/Pipeline/Pipeline.php(209): Illuminate\\Cookie\\Middleware\\AddQueuedCookiesToResponse->handle()
#34 /home/anmol/www/html/Customization/Abhishek/web-classranker/classranker/vendor/laravel/framework/src/Illuminate/Cookie/Middleware/EncryptCookies.php(75): Illuminate\\Pipeline\\Pipeline->Illuminate\\Pipeline\\{closure}()
#35 /home/anmol/www/html/Customization/Abhishek/web-classranker/classranker/vendor/laravel/framework/src/Illuminate/Pipeline/Pipeline.php(209): Illuminate\\Cookie\\Middleware\\EncryptCookies->handle()
#36 /home/anmol/www/html/Customization/Abhishek/web-classranker/classranker/vendor/laravel/framework/src/Illuminate/Pipeline/Pipeline.php(127): Illuminate\\Pipeline\\Pipeline->Illuminate\\Pipeline\\{closure}()
#37 /home/anmol/www/html/Customization/Abhishek/web-classranker/classranker/vendor/laravel/framework/src/Illuminate/Routing/Router.php(807): Illuminate\\Pipeline\\Pipeline->then()
#38 /home/anmol/www/html/Customization/Abhishek/web-classranker/classranker/vendor/laravel/framework/src/Illuminate/Routing/Router.php(786): Illuminate\\Routing\\Router->runRouteWithinStack()
#39 /home/anmol/www/html/Customization/Abhishek/web-classranker/classranker/vendor/laravel/framework/src/Illuminate/Routing/Router.php(750): Illuminate\\Routing\\Router->runRoute()
#40 /home/anmol/www/html/Customization/Abhishek/web-classranker/classranker/vendor/laravel/framework/src/Illuminate/Routing/Router.php(739): Illuminate\\Routing\\Router->dispatchToRoute()
#41 /home/anmol/www/html/Customization/Abhishek/web-classranker/classranker/vendor/laravel/framework/src/Illuminate/Foundation/Http/Kernel.php(201): Illuminate\\Routing\\Router->dispatch()
#42 /home/anmol/www/html/Customization/Abhishek/web-classranker/classranker/vendor/laravel/framework/src/Illuminate/Pipeline/Pipeline.php(170): Illuminate\\Foundation\\Http\\Kernel->Illuminate\\Foundation\\Http\\{closure}()
#43 /home/anmol/www/html/Customization/Abhishek/web-classranker/classranker/vendor/barryvdh/laravel-debugbar/src/Middleware/InjectDebugbar.php(66): Illuminate\\Pipeline\\Pipeline->Illuminate\\Pipeline\\{closure}()
#44 /home/anmol/www/html/Customization/Abhishek/web-classranker/classranker/vendor/laravel/framework/src/Illuminate/Pipeline/Pipeline.php(209): Barryvdh\\Debugbar\\Middleware\\InjectDebugbar->handle()
#45 /home/anmol/www/html/Customization/Abhishek/web-classranker/classranker/packages/Webkul/Installer/src/Http/Middleware/CanInstall.php(36): Illuminate\\Pipeline\\Pipeline->Illuminate\\Pipeline\\{closure}()
#46 /home/anmol/www/html/Customization/Abhishek/web-classranker/classranker/vendor/laravel/framework/src/Illuminate/Pipeline/Pipeline.php(209): Webkul\\Installer\\Http\\Middleware\\CanInstall->handle()
#47 /home/anmol/www/html/Customization/Abhishek/web-classranker/classranker/packages/Webkul/Core/src/Http/Middleware/SecureHeaders.php(26): Illuminate\\Pipeline\\Pipeline->Illuminate\\Pipeline\\{closure}()
#48 /home/anmol/www/html/Customization/Abhishek/web-classranker/classranker/vendor/laravel/framework/src/Illuminate/Pipeline/Pipeline.php(209): Webkul\\Core\\Http\\Middleware\\SecureHeaders->handle()
#49 /home/anmol/www/html/Customization/Abhishek/web-classranker/classranker/vendor/laravel/framework/src/Illuminate/Foundation/Http/Middleware/TransformsRequest.php(21): Illuminate\\Pipeline\\Pipeline->Illuminate\\Pipeline\\{closure}()
#50 /home/anmol/www/html/Customization/Abhishek/web-classranker/classranker/vendor/laravel/framework/src/Illuminate/Foundation/Http/Middleware/TrimStrings.php(51): Illuminate\\Foundation\\Http\\Middleware\\TransformsRequest->handle()
#51 /home/anmol/www/html/Customization/Abhishek/web-classranker/classranker/vendor/laravel/framework/src/Illuminate/Pipeline/Pipeline.php(209): Illuminate\\Foundation\\Http\\Middleware\\TrimStrings->handle()
#52 /home/anmol/www/html/Customization/Abhishek/web-classranker/classranker/vendor/laravel/framework/src/Illuminate/Http/Middleware/ValidatePostSize.php(27): Illuminate\\Pipeline\\Pipeline->Illuminate\\Pipeline\\{closure}()
#53 /home/anmol/www/html/Customization/Abhishek/web-classranker/classranker/vendor/laravel/framework/src/Illuminate/Pipeline/Pipeline.php(209): Illuminate\\Http\\Middleware\\ValidatePostSize->handle()
#54 /home/anmol/www/html/Customization/Abhishek/web-classranker/classranker/vendor/laravel/framework/src/Illuminate/Http/Middleware/HandleCors.php(49): Illuminate\\Pipeline\\Pipeline->Illuminate\\Pipeline\\{closure}()
#55 /home/anmol/www/html/Customization/Abhishek/web-classranker/classranker/vendor/laravel/framework/src/Illuminate/Pipeline/Pipeline.php(209): Illuminate\\Http\\Middleware\\HandleCors->handle()
#56 /home/anmol/www/html/Customization/Abhishek/web-classranker/classranker/vendor/laravel/framework/src/Illuminate/Http/Middleware/TrustProxies.php(58): Illuminate\\Pipeline\\Pipeline->Illuminate\\Pipeline\\{closure}()
#57 /home/anmol/www/html/Customization/Abhishek/web-classranker/classranker/vendor/laravel/framework/src/Illuminate/Pipeline/Pipeline.php(209): Illuminate\\Http\\Middleware\\TrustProxies->handle()
#58 /home/anmol/www/html/Customization/Abhishek/web-classranker/classranker/vendor/laravel/framework/src/Illuminate/Foundation/Http/Middleware/InvokeDeferredCallbacks.php(22): Illuminate\\Pipeline\\Pipeline->Illuminate\\Pipeline\\{closure}()
#59 /home/anmol/www/html/Customization/Abhishek/web-classranker/classranker/vendor/laravel/framework/src/Illuminate/Pipeline/Pipeline.php(209): Illuminate\\Foundation\\Http\\Middleware\\InvokeDeferredCallbacks->handle()
#60 /home/anmol/www/html/Customization/Abhishek/web-classranker/classranker/vendor/laravel/framework/src/Illuminate/Pipeline/Pipeline.php(127): Illuminate\\Pipeline\\Pipeline->Illuminate\\Pipeline\\{closure}()
#61 /home/anmol/www/html/Customization/Abhishek/web-classranker/classranker/vendor/laravel/framework/src/Illuminate/Foundation/Http/Kernel.php(176): Illuminate\\Pipeline\\Pipeline->then()
#62 /home/anmol/www/html/Customization/Abhishek/web-classranker/classranker/vendor/laravel/framework/src/Illuminate/Foundation/Http/Kernel.php(145): Illuminate\\Foundation\\Http\\Kernel->sendRequestThroughRouter()
#63 /home/anmol/www/html/Customization/Abhishek/web-classranker/classranker/public/index.php(51): Illuminate\\Foundation\\Http\\Kernel->handle()
#64 {main}
"} 
